Copyright 1986-2022 Xilinx, Inc. All Rights Reserved. Copyright 2022-2026 Advanced Micro Devices, Inc. All Rights Reserved.
---------------------------------------------------------------------------------------------------------------------------------------------------------------------------------------------------------------------------------------------------------
| Tool Version : Vivado v.2026.1 (win64) Build 6511674 Tue Jun 16 11:02:23 MDT 2026
| Date         : Tue Sep 15 18:41:36 2026
| Host         : LAPTOP-J12A2TVN running 64-bit major release  (build 9200)
| Command      : report_timing_summary -max_paths 10 -report_unconstrained -warn_on_violation -file cnn_top_timing_summary_postroute_physopted.rpt -pb cnn_top_timing_summary_postroute_physopted.pb -rpx cnn_top_timing_summary_postroute_physopted.rpx
| Design       : cnn_top
| Device       : 7z020-clg400
| Speed File   : -1  PRODUCTION 1.12 2019-11-22
| Design State : Physopt postRoute
---------------------------------------------------------------------------------------------------------------------------------------------------------------------------------------------------------------------------------------------------------

Timing Summary Report

------------------------------------------------------------------------------------------------
| Timer Settings
| --------------
------------------------------------------------------------------------------------------------

  Enable Multi Corner Analysis               :  Yes
  Enable Pessimism Removal                   :  Yes
  Pessimism Removal Resolution               :  Nearest Common Node
  Enable Input Delay Default Clock           :  No
  Enable Preset / Clear Arcs                 :  No
  Disable Flight Delays                      :  No
  Ignore I/O Paths                           :  No
  Timing Early Launch at Borrowing Latches   :  No
  Borrow Time for Max Delay Exceptions       :  Yes
  Merge Timing Exceptions                    :  Yes
  Inter-SLR Compensation                     :  Conservative

  Corner  Analyze    Analyze    
  Name    Max Paths  Min Paths  
  ------  ---------  ---------  
  Slow    Yes        Yes        
  Fast    Yes        Yes        


------------------------------------------------------------------------------------------------
| Report Methodology
| ------------------
------------------------------------------------------------------------------------------------

No report available as report_methodology has not been run prior. Run report_methodology on the current design for the summary of methodology violations.



check_timing report

Table of Contents
-----------------
1. checking no_clock (0)
2. checking constant_clock (0)
3. checking pulse_width_clock (0)
4. checking unconstrained_internal_endpoints (0)
5. checking no_input_delay (11)
6. checking no_output_delay (20)
7. checking multiple_clock (0)
8. checking generated_clocks (0)
9. checking loops (0)
10. checking partial_input_delay (0)
11. checking partial_output_delay (0)
12. checking latch_loops (0)

1. checking no_clock (0)
------------------------
 There are 0 register/latch pins with no clock.


2. checking constant_clock (0)
------------------------------
 There are 0 register/latch pins with constant_clock.


3. checking pulse_width_clock (0)
---------------------------------
 There are 0 register/latch pins which need pulse_width check


4. checking unconstrained_internal_endpoints (0)
------------------------------------------------
 There are 0 pins that are not constrained for maximum delay.

 There are 0 pins that are not constrained for maximum delay due to constant clock.


5. checking no_input_delay (11)
-------------------------------
 There are 0 input ports with no input delay specified.

 There are 11 input ports with no input delay but user has a false path constraint. (MEDIUM)


6. checking no_output_delay (20)
--------------------------------
 There are 0 ports with no output delay specified.

 There are 20 ports with no output delay but user has a false path constraint (MEDIUM)

 There are 0 ports with no output delay but with a timing clock defined on it or propagating through it


7. checking multiple_clock (0)
------------------------------
 There are 0 register/latch pins with multiple clocks.


8. checking generated_clocks (0)
--------------------------------
 There are 0 generated clocks that are not connected to a clock source.


9. checking loops (0)
---------------------
 There are 0 combinational loops in the design.


10. checking partial_input_delay (0)
------------------------------------
 There are 0 input ports with partial input delay specified.


11. checking partial_output_delay (0)
-------------------------------------
 There are 0 ports with partial output delay specified.


12. checking latch_loops (0)
----------------------------
 There are 0 combinational latch loops in the design through latch input



------------------------------------------------------------------------------------------------
| Design Timing Summary
| ---------------------
------------------------------------------------------------------------------------------------

    WNS(ns)      TNS(ns)  TNS Failing Endpoints  TNS Total Endpoints      WHS(ns)      THS(ns)  THS Failing Endpoints  THS Total Endpoints     WPWS(ns)     TPWS(ns)  TPWS Failing Endpoints  TPWS Total Endpoints  
    -------      -------  ---------------------  -------------------      -------      -------  ---------------------  -------------------     --------     --------  ----------------------  --------------------  
      0.005        0.000                      0                  776        0.138        0.000                      0                  776        0.270        0.000                       0                   133  


All user specified timing constraints are met.


------------------------------------------------------------------------------------------------
| Clock Summary
| -------------
------------------------------------------------------------------------------------------------

Clock    Waveform(ns)         Period(ns)      Frequency(MHz)
-----    ------------         ----------      --------------
sys_clk  {0.000 1.250}        2.500           400.000         


------------------------------------------------------------------------------------------------
| Intra Clock Table
| -----------------
------------------------------------------------------------------------------------------------

Clock             WNS(ns)      TNS(ns)  TNS Failing Endpoints  TNS Total Endpoints      WHS(ns)      THS(ns)  THS Failing Endpoints  THS Total Endpoints     WPWS(ns)     TPWS(ns)  TPWS Failing Endpoints  TPWS Total Endpoints  
-----             -------      -------  ---------------------  -------------------      -------      -------  ---------------------  -------------------     --------     --------  ----------------------  --------------------  
sys_clk             0.005        0.000                      0                  776        0.138        0.000                      0                  776        0.270        0.000                       0                   133  


------------------------------------------------------------------------------------------------
| Inter Clock Table
| -----------------
------------------------------------------------------------------------------------------------

From Clock    To Clock          WNS(ns)      TNS(ns)  TNS Failing Endpoints  TNS Total Endpoints      WHS(ns)      THS(ns)  THS Failing Endpoints  THS Total Endpoints  
----------    --------          -------      -------  ---------------------  -------------------      -------      -------  ---------------------  -------------------  


------------------------------------------------------------------------------------------------
| Other Path Groups Table
| -----------------------
------------------------------------------------------------------------------------------------

Path Group    From Clock    To Clock          WNS(ns)      TNS(ns)  TNS Failing Endpoints  TNS Total Endpoints      WHS(ns)      THS(ns)  THS Failing Endpoints  THS Total Endpoints  
----------    ----------    --------          -------      -------  ---------------------  -------------------      -------      -------  ---------------------  -------------------  


------------------------------------------------------------------------------------------------
| User Ignored Path Table
| -----------------------
------------------------------------------------------------------------------------------------

Path Group    From Clock    To Clock    
----------    ----------    --------    
(none)        sys_clk                     
(none)                      sys_clk       


------------------------------------------------------------------------------------------------
| Unconstrained Path Table
| ------------------------
------------------------------------------------------------------------------------------------

Path Group    From Clock    To Clock    
----------    ----------    --------    


------------------------------------------------------------------------------------------------
| Timing Details
| --------------
------------------------------------------------------------------------------------------------


---------------------------------------------------------------------------------------------------
From Clock:  sys_clk
  To Clock:  sys_clk

Setup :            0  Failing Endpoints,  Worst Slack        0.005ns,  Total Violation        0.000ns
Hold  :            0  Failing Endpoints,  Worst Slack        0.138ns,  Total Violation        0.000ns
PW    :            0  Failing Endpoints,  Worst Slack        0.270ns,  Total Violation        0.000ns
---------------------------------------------------------------------------------------------------


Max Delay Paths
--------------------------------------------------------------------------------------
Slack (MET) :             0.005ns  (required time - arrival time)
  Source:                 kernel_memory_inst/kernel_counter_reg[1]/C
                            (rising edge-triggered cell FDRE clocked by sys_clk  {rise@0.000ns fall@1.250ns period=2.500ns})
  Destination:            genblk1[0].mac_pipeline_inst/accumulation_stage_reg[8]/CEB1
                            (rising edge-triggered cell DSP48E1 clocked by sys_clk  {rise@0.000ns fall@1.250ns period=2.500ns})
  Path Group:             sys_clk
  Path Type:              Setup (Max at Slow Process Corner)
  Requirement:            2.500ns  (sys_clk rise@2.500ns - sys_clk rise@0.000ns)
  Data Path Delay:        2.090ns  (logic 0.580ns (27.752%)  route 1.510ns (72.248%))
  Logic Levels:           1  (LUT5=1)
  Clock Path Skew:        0.144ns (DCD - SCD + CPR)
    Destination Clock Delay (DCD):    4.923ns = ( 7.423 - 2.500 ) 
    Source Clock Delay      (SCD):    5.122ns
    Clock Pessimism Removal (CPR):    0.343ns
  Clock Uncertainty:      0.035ns  ((TSJ^2 + TIJ^2)^1/2 + DJ) / 2 + PE
    Total System Jitter     (TSJ):    0.071ns
    Total Input Jitter      (TIJ):    0.000ns
    Discrete Jitter          (DJ):    0.000ns
    Phase Error              (PE):    0.000ns

    Location             Delay type                Incr(ns)  Path(ns)    Netlist Resource(s)
  -------------------------------------------------------------------    -------------------
                         (clock sys_clk rise edge)    0.000     0.000 r  <hidden>
    U7                                                0.000     0.000 r  clk
                         net (fo=0)                   0.000     0.000    clk
    U7                   IBUF (Prop_ibuf_I_O)         1.058     1.058 r  clk_IBUF_inst/O
                         net (fo=1, routed)           2.171     3.229    clk_IBUF
    BUFGCTRL_X0Y1        BUFG (Prop_bufg_I_O)         0.101     3.330 r  clk_IBUF_BUFG_inst_replica/O
                         net (fo=5, routed)           1.792     5.122    kernel_memory_inst/clk_IBUF_BUFG_repN_alias
    SLICE_X105Y33        FDRE                                         r  kernel_memory_inst/kernel_counter_reg[1]/C
  -------------------------------------------------------------------    -------------------
    SLICE_X105Y33        FDRE (Prop_fdre_C_Q)         0.456     5.578 f  kernel_memory_inst/kernel_counter_reg[1]/Q
                         net (fo=5, routed)           0.672     6.251    kernel_memory_inst/kernel_counter_reg[1]
    SLICE_X103Y33        LUT5 (Prop_lut5_I0_O)        0.124     6.375 r  kernel_memory_inst/kernel_coefficients[8][7]_i_1/O
                         net (fo=77, routed)          0.838     7.212    genblk1[0].mac_pipeline_inst/accumulation_stage_reg[8]_0
    DSP48_X4Y17          DSP48E1                                      r  genblk1[0].mac_pipeline_inst/accumulation_stage_reg[8]/CEB1
  -------------------------------------------------------------------    -------------------

                         (clock sys_clk rise edge)    2.500     2.500 r  <hidden>
    U7                                                0.000     2.500 r  clk
                         net (fo=0)                   0.000     2.500    clk
    U7                   IBUF (Prop_ibuf_I_O)         0.924     3.424 r  clk_IBUF_inst/O
                         net (fo=1, routed)           1.972     5.396    clk_IBUF
    BUFGCTRL_X0Y1        BUFG (Prop_bufg_I_O)         0.091     5.487 r  clk_IBUF_BUFG_inst_replica/O
                         net (fo=5, routed)           0.133     5.620    clk_IBUF_BUFG_repN
    BUFGCTRL_X0Y0        BUFG (Prop_bufg_I_O)         0.091     5.711 r  clk_IBUF_BUFG_inst/O
                         net (fo=127, routed)         1.712     7.423    genblk1[0].mac_pipeline_inst/clk_IBUF_BUFG
    DSP48_X4Y17          DSP48E1                                      r  genblk1[0].mac_pipeline_inst/accumulation_stage_reg[8]/CLK
                         clock pessimism              0.343     7.766    <hidden>
                         clock uncertainty           -0.035     7.731    <hidden>
    DSP48_X4Y17          DSP48E1 (Setup_dsp48e1_CLK_CEB1)
                                                     -0.514     7.217    genblk1[0].mac_pipeline_inst/accumulation_stage_reg[8]
  -------------------------------------------------------------------
                         required time                          7.217    <hidden>
                         arrival time                          -7.212    <hidden>
  -------------------------------------------------------------------
                         slack                                  0.005    <hidden>

Slack (MET) :             0.005ns  (required time - arrival time)
  Source:                 kernel_memory_inst/kernel_counter_reg[1]/C
                            (rising edge-triggered cell FDRE clocked by sys_clk  {rise@0.000ns fall@1.250ns period=2.500ns})
  Destination:            genblk1[0].mac_pipeline_inst/accumulation_stage_reg[8]/CEB2
                            (rising edge-triggered cell DSP48E1 clocked by sys_clk  {rise@0.000ns fall@1.250ns period=2.500ns})
  Path Group:             sys_clk
  Path Type:              Setup (Max at Slow Process Corner)
  Requirement:            2.500ns  (sys_clk rise@2.500ns - sys_clk rise@0.000ns)
  Data Path Delay:        2.090ns  (logic 0.580ns (27.752%)  route 1.510ns (72.248%))
  Logic Levels:           1  (LUT5=1)
  Clock Path Skew:        0.144ns (DCD - SCD + CPR)
    Destination Clock Delay (DCD):    4.923ns = ( 7.423 - 2.500 ) 
    Source Clock Delay      (SCD):    5.122ns
    Clock Pessimism Removal (CPR):    0.343ns
  Clock Uncertainty:      0.035ns  ((TSJ^2 + TIJ^2)^1/2 + DJ) / 2 + PE
    Total System Jitter     (TSJ):    0.071ns
    Total Input Jitter      (TIJ):    0.000ns
    Discrete Jitter          (DJ):    0.000ns
    Phase Error              (PE):    0.000ns

    Location             Delay type                Incr(ns)  Path(ns)    Netlist Resource(s)
  -------------------------------------------------------------------    -------------------
                         (clock sys_clk rise edge)    0.000     0.000 r  <hidden>
    U7                                                0.000     0.000 r  clk
                         net (fo=0)                   0.000     0.000    clk
    U7                   IBUF (Prop_ibuf_I_O)         1.058     1.058 r  clk_IBUF_inst/O
                         net (fo=1, routed)           2.171     3.229    clk_IBUF
    BUFGCTRL_X0Y1        BUFG (Prop_bufg_I_O)         0.101     3.330 r  clk_IBUF_BUFG_inst_replica/O
                         net (fo=5, routed)           1.792     5.122    kernel_memory_inst/clk_IBUF_BUFG_repN_alias
    SLICE_X105Y33        FDRE                                         r  kernel_memory_inst/kernel_counter_reg[1]/C
  -------------------------------------------------------------------    -------------------
    SLICE_X105Y33        FDRE (Prop_fdre_C_Q)         0.456     5.578 f  kernel_memory_inst/kernel_counter_reg[1]/Q
                         net (fo=5, routed)           0.672     6.251    kernel_memory_inst/kernel_counter_reg[1]
    SLICE_X103Y33        LUT5 (Prop_lut5_I0_O)        0.124     6.375 r  kernel_memory_inst/kernel_coefficients[8][7]_i_1/O
                         net (fo=77, routed)          0.838     7.212    genblk1[0].mac_pipeline_inst/accumulation_stage_reg[8]_0
    DSP48_X4Y17          DSP48E1                                      r  genblk1[0].mac_pipeline_inst/accumulation_stage_reg[8]/CEB2
  -------------------------------------------------------------------    -------------------

                         (clock sys_clk rise edge)    2.500     2.500 r  <hidden>
    U7                                                0.000     2.500 r  clk
                         net (fo=0)                   0.000     2.500    clk
    U7                   IBUF (Prop_ibuf_I_O)         0.924     3.424 r  clk_IBUF_inst/O
                         net (fo=1, routed)           1.972     5.396    clk_IBUF
    BUFGCTRL_X0Y1        BUFG (Prop_bufg_I_O)         0.091     5.487 r  clk_IBUF_BUFG_inst_replica/O
                         net (fo=5, routed)           0.133     5.620    clk_IBUF_BUFG_repN
    BUFGCTRL_X0Y0        BUFG (Prop_bufg_I_O)         0.091     5.711 r  clk_IBUF_BUFG_inst/O
                         net (fo=127, routed)         1.712     7.423    genblk1[0].mac_pipeline_inst/clk_IBUF_BUFG
    DSP48_X4Y17          DSP48E1                                      r  genblk1[0].mac_pipeline_inst/accumulation_stage_reg[8]/CLK
                         clock pessimism              0.343     7.766    <hidden>
                         clock uncertainty           -0.035     7.731    <hidden>
    DSP48_X4Y17          DSP48E1 (Setup_dsp48e1_CLK_CEB2)
                                                     -0.514     7.217    genblk1[0].mac_pipeline_inst/accumulation_stage_reg[8]
  -------------------------------------------------------------------
                         required time                          7.217    <hidden>
                         arrival time                          -7.212    <hidden>
  -------------------------------------------------------------------
                         slack                                  0.005    <hidden>

Slack (MET) :             0.040ns  (required time - arrival time)
  Source:                 kernel_memory_inst/kernel_counter_reg[1]/C
                            (rising edge-triggered cell FDRE clocked by sys_clk  {rise@0.000ns fall@1.250ns period=2.500ns})
  Destination:            genblk1[0].mac_pipeline_inst/accumulation_stage_reg[9]/CEB2
                            (rising edge-triggered cell DSP48E1 clocked by sys_clk  {rise@0.000ns fall@1.250ns period=2.500ns})
  Path Group:             sys_clk
  Path Type:              Setup (Max at Slow Process Corner)
  Requirement:            2.500ns  (sys_clk rise@2.500ns - sys_clk rise@0.000ns)
  Data Path Delay:        2.054ns  (logic 0.580ns (28.232%)  route 1.474ns (71.768%))
  Logic Levels:           1  (LUT5=1)
  Clock Path Skew:        0.144ns (DCD - SCD + CPR)
    Destination Clock Delay (DCD):    4.923ns = ( 7.423 - 2.500 ) 
    Source Clock Delay      (SCD):    5.122ns
    Clock Pessimism Removal (CPR):    0.343ns
  Clock Uncertainty:      0.035ns  ((TSJ^2 + TIJ^2)^1/2 + DJ) / 2 + PE
    Total System Jitter     (TSJ):    0.071ns
    Total Input Jitter      (TIJ):    0.000ns
    Discrete Jitter          (DJ):    0.000ns
    Phase Error              (PE):    0.000ns

    Location             Delay type                Incr(ns)  Path(ns)    Netlist Resource(s)
  -------------------------------------------------------------------    -------------------
                         (clock sys_clk rise edge)    0.000     0.000 r  <hidden>
    U7                                                0.000     0.000 r  clk
                         net (fo=0)                   0.000     0.000    clk
    U7                   IBUF (Prop_ibuf_I_O)         1.058     1.058 r  clk_IBUF_inst/O
                         net (fo=1, routed)           2.171     3.229    clk_IBUF
    BUFGCTRL_X0Y1        BUFG (Prop_bufg_I_O)         0.101     3.330 r  clk_IBUF_BUFG_inst_replica/O
                         net (fo=5, routed)           1.792     5.122    kernel_memory_inst/clk_IBUF_BUFG_repN_alias
    SLICE_X105Y33        FDRE                                         r  kernel_memory_inst/kernel_counter_reg[1]/C
  -------------------------------------------------------------------    -------------------
    SLICE_X105Y33        FDRE (Prop_fdre_C_Q)         0.456     5.578 f  kernel_memory_inst/kernel_counter_reg[1]/Q
                         net (fo=5, routed)           0.672     6.251    kernel_memory_inst/kernel_counter_reg[1]
    SLICE_X103Y33        LUT5 (Prop_lut5_I0_O)        0.124     6.375 r  kernel_memory_inst/kernel_coefficients[8][7]_i_1/O
                         net (fo=77, routed)          0.802     7.177    genblk1[0].mac_pipeline_inst/accumulation_stage_reg[8]_0
    DSP48_X4Y18          DSP48E1                                      r  genblk1[0].mac_pipeline_inst/accumulation_stage_reg[9]/CEB2
  -------------------------------------------------------------------    -------------------

                         (clock sys_clk rise edge)    2.500     2.500 r  <hidden>
    U7                                                0.000     2.500 r  clk
                         net (fo=0)                   0.000     2.500    clk
    U7                   IBUF (Prop_ibuf_I_O)         0.924     3.424 r  clk_IBUF_inst/O
                         net (fo=1, routed)           1.972     5.396    clk_IBUF
    BUFGCTRL_X0Y1        BUFG (Prop_bufg_I_O)         0.091     5.487 r  clk_IBUF_BUFG_inst_replica/O
                         net (fo=5, routed)           0.133     5.620    clk_IBUF_BUFG_repN
    BUFGCTRL_X0Y0        BUFG (Prop_bufg_I_O)         0.091     5.711 r  clk_IBUF_BUFG_inst/O
                         net (fo=127, routed)         1.712     7.423    genblk1[0].mac_pipeline_inst/clk_IBUF_BUFG
    DSP48_X4Y18          DSP48E1                                      r  genblk1[0].mac_pipeline_inst/accumulation_stage_reg[9]/CLK
                         clock pessimism              0.343     7.766    <hidden>
                         clock uncertainty           -0.035     7.731    <hidden>
    DSP48_X4Y18          DSP48E1 (Setup_dsp48e1_CLK_CEB2)
                                                     -0.514     7.217    genblk1[0].mac_pipeline_inst/accumulation_stage_reg[9]
  -------------------------------------------------------------------
                         required time                          7.217    <hidden>
                         arrival time                          -7.177    <hidden>
  -------------------------------------------------------------------
                         slack                                  0.040    <hidden>

Slack (MET) :             0.054ns  (required time - arrival time)
  Source:                 kernel_memory_inst/kernel_counter_reg[1]/C
                            (rising edge-triggered cell FDRE clocked by sys_clk  {rise@0.000ns fall@1.250ns period=2.500ns})
  Destination:            genblk1[0].mac_pipeline_inst/accumulation_stage_reg[6]/CEB1
                            (rising edge-triggered cell DSP48E1 clocked by sys_clk  {rise@0.000ns fall@1.250ns period=2.500ns})
  Path Group:             sys_clk
  Path Type:              Setup (Max at Slow Process Corner)
  Requirement:            2.500ns  (sys_clk rise@2.500ns - sys_clk rise@0.000ns)
  Data Path Delay:        2.038ns  (logic 0.580ns (28.462%)  route 1.458ns (71.538%))
  Logic Levels:           1  (LUT5=1)
  Clock Path Skew:        0.141ns (DCD - SCD + CPR)
    Destination Clock Delay (DCD):    4.920ns = ( 7.420 - 2.500 ) 
    Source Clock Delay      (SCD):    5.122ns
    Clock Pessimism Removal (CPR):    0.343ns
  Clock Uncertainty:      0.035ns  ((TSJ^2 + TIJ^2)^1/2 + DJ) / 2 + PE
    Total System Jitter     (TSJ):    0.071ns
    Total Input Jitter      (TIJ):    0.000ns
    Discrete Jitter          (DJ):    0.000ns
    Phase Error              (PE):    0.000ns

    Location             Delay type                Incr(ns)  Path(ns)    Netlist Resource(s)
  -------------------------------------------------------------------    -------------------
                         (clock sys_clk rise edge)    0.000     0.000 r  <hidden>
    U7                                                0.000     0.000 r  clk
                         net (fo=0)                   0.000     0.000    clk
    U7                   IBUF (Prop_ibuf_I_O)         1.058     1.058 r  clk_IBUF_inst/O
                         net (fo=1, routed)           2.171     3.229    clk_IBUF
    BUFGCTRL_X0Y1        BUFG (Prop_bufg_I_O)         0.101     3.330 r  clk_IBUF_BUFG_inst_replica/O
                         net (fo=5, routed)           1.792     5.122    kernel_memory_inst/clk_IBUF_BUFG_repN_alias
    SLICE_X105Y33        FDRE                                         r  kernel_memory_inst/kernel_counter_reg[1]/C
  -------------------------------------------------------------------    -------------------
    SLICE_X105Y33        FDRE (Prop_fdre_C_Q)         0.456     5.578 f  kernel_memory_inst/kernel_counter_reg[1]/Q
                         net (fo=5, routed)           0.672     6.251    kernel_memory_inst/kernel_counter_reg[1]
    SLICE_X103Y33        LUT5 (Prop_lut5_I0_O)        0.124     6.375 r  kernel_memory_inst/kernel_coefficients[8][7]_i_1/O
                         net (fo=77, routed)          0.786     7.160    genblk1[0].mac_pipeline_inst/accumulation_stage_reg[8]_0
    DSP48_X4Y15          DSP48E1                                      r  genblk1[0].mac_pipeline_inst/accumulation_stage_reg[6]/CEB1
  -------------------------------------------------------------------    -------------------

                         (clock sys_clk rise edge)    2.500     2.500 r  <hidden>
    U7                                                0.000     2.500 r  clk
                         net (fo=0)                   0.000     2.500    clk
    U7                   IBUF (Prop_ibuf_I_O)         0.924     3.424 r  clk_IBUF_inst/O
                         net (fo=1, routed)           1.972     5.396    clk_IBUF
    BUFGCTRL_X0Y1        BUFG (Prop_bufg_I_O)         0.091     5.487 r  clk_IBUF_BUFG_inst_replica/O
                         net (fo=5, routed)           0.133     5.620    clk_IBUF_BUFG_repN
    BUFGCTRL_X0Y0        BUFG (Prop_bufg_I_O)         0.091     5.711 r  clk_IBUF_BUFG_inst/O
                         net (fo=127, routed)         1.709     7.420    genblk1[0].mac_pipeline_inst/clk_IBUF_BUFG
    DSP48_X4Y15          DSP48E1                                      r  genblk1[0].mac_pipeline_inst/accumulation_stage_reg[6]/CLK
                         clock pessimism              0.343     7.763    <hidden>
                         clock uncertainty           -0.035     7.728    <hidden>
    DSP48_X4Y15          DSP48E1 (Setup_dsp48e1_CLK_CEB1)
                                                     -0.514     7.214    genblk1[0].mac_pipeline_inst/accumulation_stage_reg[6]
  -------------------------------------------------------------------
                         required time                          7.214    <hidden>
                         arrival time                          -7.160    <hidden>
  -------------------------------------------------------------------
                         slack                                  0.054    <hidden>

Slack (MET) :             0.054ns  (required time - arrival time)
  Source:                 kernel_memory_inst/kernel_counter_reg[1]/C
                            (rising edge-triggered cell FDRE clocked by sys_clk  {rise@0.000ns fall@1.250ns period=2.500ns})
  Destination:            genblk1[0].mac_pipeline_inst/accumulation_stage_reg[6]/CEB2
                            (rising edge-triggered cell DSP48E1 clocked by sys_clk  {rise@0.000ns fall@1.250ns period=2.500ns})
  Path Group:             sys_clk
  Path Type:              Setup (Max at Slow Process Corner)
  Requirement:            2.500ns  (sys_clk rise@2.500ns - sys_clk rise@0.000ns)
  Data Path Delay:        2.038ns  (logic 0.580ns (28.462%)  route 1.458ns (71.538%))
  Logic Levels:           1  (LUT5=1)
  Clock Path Skew:        0.141ns (DCD - SCD + CPR)
    Destination Clock Delay (DCD):    4.920ns = ( 7.420 - 2.500 ) 
    Source Clock Delay      (SCD):    5.122ns
    Clock Pessimism Removal (CPR):    0.343ns
  Clock Uncertainty:      0.035ns  ((TSJ^2 + TIJ^2)^1/2 + DJ) / 2 + PE
    Total System Jitter     (TSJ):    0.071ns
    Total Input Jitter      (TIJ):    0.000ns
    Discrete Jitter          (DJ):    0.000ns
    Phase Error              (PE):    0.000ns

    Location             Delay type                Incr(ns)  Path(ns)    Netlist Resource(s)
  -------------------------------------------------------------------    -------------------
                         (clock sys_clk rise edge)    0.000     0.000 r  <hidden>
    U7                                                0.000     0.000 r  clk
                         net (fo=0)                   0.000     0.000    clk
    U7                   IBUF (Prop_ibuf_I_O)         1.058     1.058 r  clk_IBUF_inst/O
                         net (fo=1, routed)           2.171     3.229    clk_IBUF
    BUFGCTRL_X0Y1        BUFG (Prop_bufg_I_O)         0.101     3.330 r  clk_IBUF_BUFG_inst_replica/O
                         net (fo=5, routed)           1.792     5.122    kernel_memory_inst/clk_IBUF_BUFG_repN_alias
    SLICE_X105Y33        FDRE                                         r  kernel_memory_inst/kernel_counter_reg[1]/C
  -------------------------------------------------------------------    -------------------
    SLICE_X105Y33        FDRE (Prop_fdre_C_Q)         0.456     5.578 f  kernel_memory_inst/kernel_counter_reg[1]/Q
                         net (fo=5, routed)           0.672     6.251    kernel_memory_inst/kernel_counter_reg[1]
    SLICE_X103Y33        LUT5 (Prop_lut5_I0_O)        0.124     6.375 r  kernel_memory_inst/kernel_coefficients[8][7]_i_1/O
                         net (fo=77, routed)          0.786     7.160    genblk1[0].mac_pipeline_inst/accumulation_stage_reg[8]_0
    DSP48_X4Y15          DSP48E1                                      r  genblk1[0].mac_pipeline_inst/accumulation_stage_reg[6]/CEB2
  -------------------------------------------------------------------    -------------------

                         (clock sys_clk rise edge)    2.500     2.500 r  <hidden>
    U7                                                0.000     2.500 r  clk
                         net (fo=0)                   0.000     2.500    clk
    U7                   IBUF (Prop_ibuf_I_O)         0.924     3.424 r  clk_IBUF_inst/O
                         net (fo=1, routed)           1.972     5.396    clk_IBUF
    BUFGCTRL_X0Y1        BUFG (Prop_bufg_I_O)         0.091     5.487 r  clk_IBUF_BUFG_inst_replica/O
                         net (fo=5, routed)           0.133     5.620    clk_IBUF_BUFG_repN
    BUFGCTRL_X0Y0        BUFG (Prop_bufg_I_O)         0.091     5.711 r  clk_IBUF_BUFG_inst/O
                         net (fo=127, routed)         1.709     7.420    genblk1[0].mac_pipeline_inst/clk_IBUF_BUFG
    DSP48_X4Y15          DSP48E1                                      r  genblk1[0].mac_pipeline_inst/accumulation_stage_reg[6]/CLK
                         clock pessimism              0.343     7.763    <hidden>
                         clock uncertainty           -0.035     7.728    <hidden>
    DSP48_X4Y15          DSP48E1 (Setup_dsp48e1_CLK_CEB2)
                                                     -0.514     7.214    genblk1[0].mac_pipeline_inst/accumulation_stage_reg[6]
  -------------------------------------------------------------------
                         required time                          7.214    <hidden>
                         arrival time                          -7.160    <hidden>
  -------------------------------------------------------------------
                         slack                                  0.054    <hidden>

Slack (MET) :             0.076ns  (required time - arrival time)
  Source:                 kernel_memory_inst/kernel_counter_reg[1]/C
                            (rising edge-triggered cell FDRE clocked by sys_clk  {rise@0.000ns fall@1.250ns period=2.500ns})
  Destination:            genblk1[0].mac_pipeline_inst/accumulation_stage_reg[1]/CEB1
                            (rising edge-triggered cell DSP48E1 clocked by sys_clk  {rise@0.000ns fall@1.250ns period=2.500ns})
  Path Group:             sys_clk
  Path Type:              Setup (Max at Slow Process Corner)
  Requirement:            2.500ns  (sys_clk rise@2.500ns - sys_clk rise@0.000ns)
  Data Path Delay:        2.003ns  (logic 0.580ns (28.955%)  route 1.423ns (71.045%))
  Logic Levels:           1  (LUT5=1)
  Clock Path Skew:        0.129ns (DCD - SCD + CPR)
    Destination Clock Delay (DCD):    4.908ns = ( 7.408 - 2.500 ) 
    Source Clock Delay      (SCD):    5.122ns
    Clock Pessimism Removal (CPR):    0.343ns
  Clock Uncertainty:      0.035ns  ((TSJ^2 + TIJ^2)^1/2 + DJ) / 2 + PE
    Total System Jitter     (TSJ):    0.071ns
    Total Input Jitter      (TIJ):    0.000ns
    Discrete Jitter          (DJ):    0.000ns
    Phase Error              (PE):    0.000ns

    Location             Delay type                Incr(ns)  Path(ns)    Netlist Resource(s)
  -------------------------------------------------------------------    -------------------
                         (clock sys_clk rise edge)    0.000     0.000 r  <hidden>
    U7                                                0.000     0.000 r  clk
                         net (fo=0)                   0.000     0.000    clk
    U7                   IBUF (Prop_ibuf_I_O)         1.058     1.058 r  clk_IBUF_inst/O
                         net (fo=1, routed)           2.171     3.229    clk_IBUF
    BUFGCTRL_X0Y1        BUFG (Prop_bufg_I_O)         0.101     3.330 r  clk_IBUF_BUFG_inst_replica/O
                         net (fo=5, routed)           1.792     5.122    kernel_memory_inst/clk_IBUF_BUFG_repN_alias
    SLICE_X105Y33        FDRE                                         r  kernel_memory_inst/kernel_counter_reg[1]/C
  -------------------------------------------------------------------    -------------------
    SLICE_X105Y33        FDRE (Prop_fdre_C_Q)         0.456     5.578 f  kernel_memory_inst/kernel_counter_reg[1]/Q
                         net (fo=5, routed)           0.672     6.251    kernel_memory_inst/kernel_counter_reg[1]
    SLICE_X103Y33        LUT5 (Prop_lut5_I0_O)        0.124     6.375 r  kernel_memory_inst/kernel_coefficients[8][7]_i_1/O
                         net (fo=77, routed)          0.751     7.126    genblk1[0].mac_pipeline_inst/accumulation_stage_reg[8]_0
    DSP48_X4Y10          DSP48E1                                      r  genblk1[0].mac_pipeline_inst/accumulation_stage_reg[1]/CEB1
  -------------------------------------------------------------------    -------------------

                         (clock sys_clk rise edge)    2.500     2.500 r  <hidden>
    U7                                                0.000     2.500 r  clk
                         net (fo=0)                   0.000     2.500    clk
    U7                   IBUF (Prop_ibuf_I_O)         0.924     3.424 r  clk_IBUF_inst/O
                         net (fo=1, routed)           1.972     5.396    clk_IBUF
    BUFGCTRL_X0Y1        BUFG (Prop_bufg_I_O)         0.091     5.487 r  clk_IBUF_BUFG_inst_replica/O
                         net (fo=5, routed)           0.133     5.620    clk_IBUF_BUFG_repN
    BUFGCTRL_X0Y0        BUFG (Prop_bufg_I_O)         0.091     5.711 r  clk_IBUF_BUFG_inst/O
                         net (fo=127, routed)         1.697     7.408    genblk1[0].mac_pipeline_inst/clk_IBUF_BUFG
    DSP48_X4Y10          DSP48E1                                      r  genblk1[0].mac_pipeline_inst/accumulation_stage_reg[1]/CLK
                         clock pessimism              0.343     7.751    <hidden>
                         clock uncertainty           -0.035     7.716    <hidden>
    DSP48_X4Y10          DSP48E1 (Setup_dsp48e1_CLK_CEB1)
                                                     -0.514     7.202    genblk1[0].mac_pipeline_inst/accumulation_stage_reg[1]
  -------------------------------------------------------------------
                         required time                          7.202    <hidden>
                         arrival time                          -7.126    <hidden>
  -------------------------------------------------------------------
                         slack                                  0.076    <hidden>

Slack (MET) :             0.076ns  (required time - arrival time)
  Source:                 kernel_memory_inst/kernel_counter_reg[1]/C
                            (rising edge-triggered cell FDRE clocked by sys_clk  {rise@0.000ns fall@1.250ns period=2.500ns})
  Destination:            genblk1[0].mac_pipeline_inst/accumulation_stage_reg[1]/CEB2
                            (rising edge-triggered cell DSP48E1 clocked by sys_clk  {rise@0.000ns fall@1.250ns period=2.500ns})
  Path Group:             sys_clk
  Path Type:              Setup (Max at Slow Process Corner)
  Requirement:            2.500ns  (sys_clk rise@2.500ns - sys_clk rise@0.000ns)
  Data Path Delay:        2.003ns  (logic 0.580ns (28.955%)  route 1.423ns (71.045%))
  Logic Levels:           1  (LUT5=1)
  Clock Path Skew:        0.129ns (DCD - SCD + CPR)
    Destination Clock Delay (DCD):    4.908ns = ( 7.408 - 2.500 ) 
    Source Clock Delay      (SCD):    5.122ns
    Clock Pessimism Removal (CPR):    0.343ns
  Clock Uncertainty:      0.035ns  ((TSJ^2 + TIJ^2)^1/2 + DJ) / 2 + PE
    Total System Jitter     (TSJ):    0.071ns
    Total Input Jitter      (TIJ):    0.000ns
    Discrete Jitter          (DJ):    0.000ns
    Phase Error              (PE):    0.000ns

    Location             Delay type                Incr(ns)  Path(ns)    Netlist Resource(s)
  -------------------------------------------------------------------    -------------------
                         (clock sys_clk rise edge)    0.000     0.000 r  <hidden>
    U7                                                0.000     0.000 r  clk
                         net (fo=0)                   0.000     0.000    clk
    U7                   IBUF (Prop_ibuf_I_O)         1.058     1.058 r  clk_IBUF_inst/O
                         net (fo=1, routed)           2.171     3.229    clk_IBUF
    BUFGCTRL_X0Y1        BUFG (Prop_bufg_I_O)         0.101     3.330 r  clk_IBUF_BUFG_inst_replica/O
                         net (fo=5, routed)           1.792     5.122    kernel_memory_inst/clk_IBUF_BUFG_repN_alias
    SLICE_X105Y33        FDRE                                         r  kernel_memory_inst/kernel_counter_reg[1]/C
  -------------------------------------------------------------------    -------------------
    SLICE_X105Y33        FDRE (Prop_fdre_C_Q)         0.456     5.578 f  kernel_memory_inst/kernel_counter_reg[1]/Q
                         net (fo=5, routed)           0.672     6.251    kernel_memory_inst/kernel_counter_reg[1]
    SLICE_X103Y33        LUT5 (Prop_lut5_I0_O)        0.124     6.375 r  kernel_memory_inst/kernel_coefficients[8][7]_i_1/O
                         net (fo=77, routed)          0.751     7.126    genblk1[0].mac_pipeline_inst/accumulation_stage_reg[8]_0
    DSP48_X4Y10          DSP48E1                                      r  genblk1[0].mac_pipeline_inst/accumulation_stage_reg[1]/CEB2
  -------------------------------------------------------------------    -------------------

                         (clock sys_clk rise edge)    2.500     2.500 r  <hidden>
    U7                                                0.000     2.500 r  clk
                         net (fo=0)                   0.000     2.500    clk
    U7                   IBUF (Prop_ibuf_I_O)         0.924     3.424 r  clk_IBUF_inst/O
                         net (fo=1, routed)           1.972     5.396    clk_IBUF
    BUFGCTRL_X0Y1        BUFG (Prop_bufg_I_O)         0.091     5.487 r  clk_IBUF_BUFG_inst_replica/O
                         net (fo=5, routed)           0.133     5.620    clk_IBUF_BUFG_repN
    BUFGCTRL_X0Y0        BUFG (Prop_bufg_I_O)         0.091     5.711 r  clk_IBUF_BUFG_inst/O
                         net (fo=127, routed)         1.697     7.408    genblk1[0].mac_pipeline_inst/clk_IBUF_BUFG
    DSP48_X4Y10          DSP48E1                                      r  genblk1[0].mac_pipeline_inst/accumulation_stage_reg[1]/CLK
                         clock pessimism              0.343     7.751    <hidden>
                         clock uncertainty           -0.035     7.716    <hidden>
    DSP48_X4Y10          DSP48E1 (Setup_dsp48e1_CLK_CEB2)
                                                     -0.514     7.202    genblk1[0].mac_pipeline_inst/accumulation_stage_reg[1]
  -------------------------------------------------------------------
                         required time                          7.202    <hidden>
                         arrival time                          -7.126    <hidden>
  -------------------------------------------------------------------
                         slack                                  0.076    <hidden>

Slack (MET) :             0.080ns  (required time - arrival time)
  Source:                 kernel_memory_inst/kernel_counter_reg[1]/C
                            (rising edge-triggered cell FDRE clocked by sys_clk  {rise@0.000ns fall@1.250ns period=2.500ns})
  Destination:            genblk1[0].mac_pipeline_inst/accumulation_stage_reg[2]/CEB1
                            (rising edge-triggered cell DSP48E1 clocked by sys_clk  {rise@0.000ns fall@1.250ns period=2.500ns})
  Path Group:             sys_clk
  Path Type:              Setup (Max at Slow Process Corner)
  Requirement:            2.500ns  (sys_clk rise@2.500ns - sys_clk rise@0.000ns)
  Data Path Delay:        2.002ns  (logic 0.580ns (28.969%)  route 1.422ns (71.031%))
  Logic Levels:           1  (LUT5=1)
  Clock Path Skew:        0.132ns (DCD - SCD + CPR)
    Destination Clock Delay (DCD):    4.911ns = ( 7.411 - 2.500 ) 
    Source Clock Delay      (SCD):    5.122ns
    Clock Pessimism Removal (CPR):    0.343ns
  Clock Uncertainty:      0.035ns  ((TSJ^2 + TIJ^2)^1/2 + DJ) / 2 + PE
    Total System Jitter     (TSJ):    0.071ns
    Total Input Jitter      (TIJ):    0.000ns
    Discrete Jitter          (DJ):    0.000ns
    Phase Error              (PE):    0.000ns

    Location             Delay type                Incr(ns)  Path(ns)    Netlist Resource(s)
  -------------------------------------------------------------------    -------------------
                         (clock sys_clk rise edge)    0.000     0.000 r  <hidden>
    U7                                                0.000     0.000 r  clk
                         net (fo=0)                   0.000     0.000    clk
    U7                   IBUF (Prop_ibuf_I_O)         1.058     1.058 r  clk_IBUF_inst/O
                         net (fo=1, routed)           2.171     3.229    clk_IBUF
    BUFGCTRL_X0Y1        BUFG (Prop_bufg_I_O)         0.101     3.330 r  clk_IBUF_BUFG_inst_replica/O
                         net (fo=5, routed)           1.792     5.122    kernel_memory_inst/clk_IBUF_BUFG_repN_alias
    SLICE_X105Y33        FDRE                                         r  kernel_memory_inst/kernel_counter_reg[1]/C
  -------------------------------------------------------------------    -------------------
    SLICE_X105Y33        FDRE (Prop_fdre_C_Q)         0.456     5.578 f  kernel_memory_inst/kernel_counter_reg[1]/Q
                         net (fo=5, routed)           0.672     6.251    kernel_memory_inst/kernel_counter_reg[1]
    SLICE_X103Y33        LUT5 (Prop_lut5_I0_O)        0.124     6.375 r  kernel_memory_inst/kernel_coefficients[8][7]_i_1/O
                         net (fo=77, routed)          0.750     7.125    genblk1[0].mac_pipeline_inst/accumulation_stage_reg[8]_0
    DSP48_X4Y11          DSP48E1                                      r  genblk1[0].mac_pipeline_inst/accumulation_stage_reg[2]/CEB1
  -------------------------------------------------------------------    -------------------

                         (clock sys_clk rise edge)    2.500     2.500 r  <hidden>
    U7                                                0.000     2.500 r  clk
                         net (fo=0)                   0.000     2.500    clk
    U7                   IBUF (Prop_ibuf_I_O)         0.924     3.424 r  clk_IBUF_inst/O
                         net (fo=1, routed)           1.972     5.396    clk_IBUF
    BUFGCTRL_X0Y1        BUFG (Prop_bufg_I_O)         0.091     5.487 r  clk_IBUF_BUFG_inst_replica/O
                         net (fo=5, routed)           0.133     5.620    clk_IBUF_BUFG_repN
    BUFGCTRL_X0Y0        BUFG (Prop_bufg_I_O)         0.091     5.711 r  clk_IBUF_BUFG_inst/O
                         net (fo=127, routed)         1.700     7.411    genblk1[0].mac_pipeline_inst/clk_IBUF_BUFG
    DSP48_X4Y11          DSP48E1                                      r  genblk1[0].mac_pipeline_inst/accumulation_stage_reg[2]/CLK
                         clock pessimism              0.343     7.754    <hidden>
                         clock uncertainty           -0.035     7.719    <hidden>
    DSP48_X4Y11          DSP48E1 (Setup_dsp48e1_CLK_CEB1)
                                                     -0.514     7.205    genblk1[0].mac_pipeline_inst/accumulation_stage_reg[2]
  -------------------------------------------------------------------
                         required time                          7.205    <hidden>
                         arrival time                          -7.125    <hidden>
  -------------------------------------------------------------------
                         slack                                  0.080    <hidden>

Slack (MET) :             0.080ns  (required time - arrival time)
  Source:                 kernel_memory_inst/kernel_counter_reg[1]/C
                            (rising edge-triggered cell FDRE clocked by sys_clk  {rise@0.000ns fall@1.250ns period=2.500ns})
  Destination:            genblk1[0].mac_pipeline_inst/accumulation_stage_reg[2]/CEB2
                            (rising edge-triggered cell DSP48E1 clocked by sys_clk  {rise@0.000ns fall@1.250ns period=2.500ns})
  Path Group:             sys_clk
  Path Type:              Setup (Max at Slow Process Corner)
  Requirement:            2.500ns  (sys_clk rise@2.500ns - sys_clk rise@0.000ns)
  Data Path Delay:        2.002ns  (logic 0.580ns (28.969%)  route 1.422ns (71.031%))
  Logic Levels:           1  (LUT5=1)
  Clock Path Skew:        0.132ns (DCD - SCD + CPR)
    Destination Clock Delay (DCD):    4.911ns = ( 7.411 - 2.500 ) 
    Source Clock Delay      (SCD):    5.122ns
    Clock Pessimism Removal (CPR):    0.343ns
  Clock Uncertainty:      0.035ns  ((TSJ^2 + TIJ^2)^1/2 + DJ) / 2 + PE
    Total System Jitter     (TSJ):    0.071ns
    Total Input Jitter      (TIJ):    0.000ns
    Discrete Jitter          (DJ):    0.000ns
    Phase Error              (PE):    0.000ns

    Location             Delay type                Incr(ns)  Path(ns)    Netlist Resource(s)
  -------------------------------------------------------------------    -------------------
                         (clock sys_clk rise edge)    0.000     0.000 r  <hidden>
    U7                                                0.000     0.000 r  clk
                         net (fo=0)                   0.000     0.000    clk
    U7                   IBUF (Prop_ibuf_I_O)         1.058     1.058 r  clk_IBUF_inst/O
                         net (fo=1, routed)           2.171     3.229    clk_IBUF
    BUFGCTRL_X0Y1        BUFG (Prop_bufg_I_O)         0.101     3.330 r  clk_IBUF_BUFG_inst_replica/O
                         net (fo=5, routed)           1.792     5.122    kernel_memory_inst/clk_IBUF_BUFG_repN_alias
    SLICE_X105Y33        FDRE                                         r  kernel_memory_inst/kernel_counter_reg[1]/C
  -------------------------------------------------------------------    -------------------
    SLICE_X105Y33        FDRE (Prop_fdre_C_Q)         0.456     5.578 f  kernel_memory_inst/kernel_counter_reg[1]/Q
                         net (fo=5, routed)           0.672     6.251    kernel_memory_inst/kernel_counter_reg[1]
    SLICE_X103Y33        LUT5 (Prop_lut5_I0_O)        0.124     6.375 r  kernel_memory_inst/kernel_coefficients[8][7]_i_1/O
                         net (fo=77, routed)          0.750     7.125    genblk1[0].mac_pipeline_inst/accumulation_stage_reg[8]_0
    DSP48_X4Y11          DSP48E1                                      r  genblk1[0].mac_pipeline_inst/accumulation_stage_reg[2]/CEB2
  -------------------------------------------------------------------    -------------------

                         (clock sys_clk rise edge)    2.500     2.500 r  <hidden>
    U7                                                0.000     2.500 r  clk
                         net (fo=0)                   0.000     2.500    clk
    U7                   IBUF (Prop_ibuf_I_O)         0.924     3.424 r  clk_IBUF_inst/O
                         net (fo=1, routed)           1.972     5.396    clk_IBUF
    BUFGCTRL_X0Y1        BUFG (Prop_bufg_I_O)         0.091     5.487 r  clk_IBUF_BUFG_inst_replica/O
                         net (fo=5, routed)           0.133     5.620    clk_IBUF_BUFG_repN
    BUFGCTRL_X0Y0        BUFG (Prop_bufg_I_O)         0.091     5.711 r  clk_IBUF_BUFG_inst/O
                         net (fo=127, routed)         1.700     7.411    genblk1[0].mac_pipeline_inst/clk_IBUF_BUFG
    DSP48_X4Y11          DSP48E1                                      r  genblk1[0].mac_pipeline_inst/accumulation_stage_reg[2]/CLK
                         clock pessimism              0.343     7.754    <hidden>
                         clock uncertainty           -0.035     7.719    <hidden>
    DSP48_X4Y11          DSP48E1 (Setup_dsp48e1_CLK_CEB2)
                                                     -0.514     7.205    genblk1[0].mac_pipeline_inst/accumulation_stage_reg[2]
  -------------------------------------------------------------------
                         required time                          7.205    <hidden>
                         arrival time                          -7.125    <hidden>
  -------------------------------------------------------------------
                         slack                                  0.080    <hidden>

Slack (MET) :             0.082ns  (required time - arrival time)
  Source:                 kernel_memory_inst/kernel_counter_reg[1]/C
                            (rising edge-triggered cell FDRE clocked by sys_clk  {rise@0.000ns fall@1.250ns period=2.500ns})
  Destination:            genblk1[0].mac_pipeline_inst/accumulation_stage_reg[7]/CEB1
                            (rising edge-triggered cell DSP48E1 clocked by sys_clk  {rise@0.000ns fall@1.250ns period=2.500ns})
  Path Group:             sys_clk
  Path Type:              Setup (Max at Slow Process Corner)
  Requirement:            2.500ns  (sys_clk rise@2.500ns - sys_clk rise@0.000ns)
  Data Path Delay:        2.012ns  (logic 0.580ns (28.827%)  route 1.432ns (71.173%))
  Logic Levels:           1  (LUT5=1)
  Clock Path Skew:        0.143ns (DCD - SCD + CPR)
    Destination Clock Delay (DCD):    4.922ns = ( 7.422 - 2.500 ) 
    Source Clock Delay      (SCD):    5.122ns
    Clock Pessimism Removal (CPR):    0.343ns
  Clock Uncertainty:      0.035ns  ((TSJ^2 + TIJ^2)^1/2 + DJ) / 2 + PE
    Total System Jitter     (TSJ):    0.071ns
    Total Input Jitter      (TIJ):    0.000ns
    Discrete Jitter          (DJ):    0.000ns
    Phase Error              (PE):    0.000ns

    Location             Delay type                Incr(ns)  Path(ns)    Netlist Resource(s)
  -------------------------------------------------------------------    -------------------
                         (clock sys_clk rise edge)    0.000     0.000 r  <hidden>
    U7                                                0.000     0.000 r  clk
                         net (fo=0)                   0.000     0.000    clk
    U7                   IBUF (Prop_ibuf_I_O)         1.058     1.058 r  clk_IBUF_inst/O
                         net (fo=1, routed)           2.171     3.229    clk_IBUF
    BUFGCTRL_X0Y1        BUFG (Prop_bufg_I_O)         0.101     3.330 r  clk_IBUF_BUFG_inst_replica/O
                         net (fo=5, routed)           1.792     5.122    kernel_memory_inst/clk_IBUF_BUFG_repN_alias
    SLICE_X105Y33        FDRE                                         r  kernel_memory_inst/kernel_counter_reg[1]/C
  -------------------------------------------------------------------    -------------------
    SLICE_X105Y33        FDRE (Prop_fdre_C_Q)         0.456     5.578 f  kernel_memory_inst/kernel_counter_reg[1]/Q
                         net (fo=5, routed)           0.672     6.251    kernel_memory_inst/kernel_counter_reg[1]
    SLICE_X103Y33        LUT5 (Prop_lut5_I0_O)        0.124     6.375 r  kernel_memory_inst/kernel_coefficients[8][7]_i_1/O
                         net (fo=77, routed)          0.760     7.134    genblk1[0].mac_pipeline_inst/accumulation_stage_reg[8]_0
    DSP48_X4Y16          DSP48E1                                      r  genblk1[0].mac_pipeline_inst/accumulation_stage_reg[7]/CEB1
  -------------------------------------------------------------------    -------------------

                         (clock sys_clk rise edge)    2.500     2.500 r  <hidden>
    U7                                                0.000     2.500 r  clk
                         net (fo=0)                   0.000     2.500    clk
    U7                   IBUF (Prop_ibuf_I_O)         0.924     3.424 r  clk_IBUF_inst/O
                         net (fo=1, routed)           1.972     5.396    clk_IBUF
    BUFGCTRL_X0Y1        BUFG (Prop_bufg_I_O)         0.091     5.487 r  clk_IBUF_BUFG_inst_replica/O
                         net (fo=5, routed)           0.133     5.620    clk_IBUF_BUFG_repN
    BUFGCTRL_X0Y0        BUFG (Prop_bufg_I_O)         0.091     5.711 r  clk_IBUF_BUFG_inst/O
                         net (fo=127, routed)         1.711     7.422    genblk1[0].mac_pipeline_inst/clk_IBUF_BUFG
    DSP48_X4Y16          DSP48E1                                      r  genblk1[0].mac_pipeline_inst/accumulation_stage_reg[7]/CLK
                         clock pessimism              0.343     7.765    <hidden>
                         clock uncertainty           -0.035     7.730    <hidden>
    DSP48_X4Y16          DSP48E1 (Setup_dsp48e1_CLK_CEB1)
                                                     -0.514     7.216    genblk1[0].mac_pipeline_inst/accumulation_stage_reg[7]
  -------------------------------------------------------------------
                         required time                          7.216    <hidden>
                         arrival time                          -7.134    <hidden>
  -------------------------------------------------------------------
                         slack                                  0.082    <hidden>





Min Delay Paths
--------------------------------------------------------------------------------------
Slack (MET) :             0.138ns  (arrival time - required time)
  Source:                 kernel_memory_inst/kernel_counter_reg[2]/C
                            (rising edge-triggered cell FDRE clocked by sys_clk  {rise@0.000ns fall@1.250ns period=2.500ns})
  Destination:            controller_inst/FSM_sequential_current_state_reg[0]/D
                            (rising edge-triggered cell FDPE clocked by sys_clk  {rise@0.000ns fall@1.250ns period=2.500ns})
  Path Group:             sys_clk
  Path Type:              Hold (Min at Fast Process Corner)
  Requirement:            0.000ns  (sys_clk rise@0.000ns - sys_clk rise@0.000ns)
  Data Path Delay:        0.560ns  (logic 0.254ns (45.352%)  route 0.306ns (54.648%))
  Logic Levels:           2  (LUT6=2)
  Clock Path Skew:        0.330ns (DCD - SCD - CPR)
    Destination Clock Delay (DCD):    2.161ns
    Source Clock Delay      (SCD):    1.582ns
    Clock Pessimism Removal (CPR):    0.249ns

    Location             Delay type                Incr(ns)  Path(ns)    Netlist Resource(s)
  -------------------------------------------------------------------    -------------------
                         (clock sys_clk rise edge)    0.000     0.000 r  <hidden>
    U7                                                0.000     0.000 r  clk
                         net (fo=0)                   0.000     0.000    clk
    U7                   IBUF (Prop_ibuf_I_O)         0.286     0.286 r  clk_IBUF_inst/O
                         net (fo=1, routed)           0.663     0.949    clk_IBUF
    BUFGCTRL_X0Y1        BUFG (Prop_bufg_I_O)         0.026     0.975 r  clk_IBUF_BUFG_inst_replica/O
                         net (fo=5, routed)           0.607     1.582    kernel_memory_inst/clk_IBUF_BUFG_repN_alias
    SLICE_X102Y33        FDRE                                         r  kernel_memory_inst/kernel_counter_reg[2]/C
  -------------------------------------------------------------------    -------------------
    SLICE_X102Y33        FDRE (Prop_fdre_C_Q)         0.164     1.746 f  kernel_memory_inst/kernel_counter_reg[2]/Q
                         net (fo=4, routed)           0.170     1.916    kernel_memory_inst/kernel_counter_reg[2]
    SLICE_X102Y33        LUT6 (Prop_lut6_I5_O)        0.045     1.961 r  kernel_memory_inst/FSM_sequential_current_state[0]_i_3/O
                         net (fo=1, routed)           0.136     2.097    controller_inst/FSM_sequential_current_state_reg[0]_0
    SLICE_X103Y33        LUT6 (Prop_lut6_I1_O)        0.045     2.142 r  controller_inst/FSM_sequential_current_state[0]_i_1/O
                         net (fo=1, routed)           0.000     2.142    controller_inst/current_state__0[0]
    SLICE_X103Y33        FDPE                                         r  controller_inst/FSM_sequential_current_state_reg[0]/D
  -------------------------------------------------------------------    -------------------

                         (clock sys_clk rise edge)    0.000     0.000 r  <hidden>
    U7                                                0.000     0.000 r  clk
                         net (fo=0)                   0.000     0.000    clk
    U7                   IBUF (Prop_ibuf_I_O)         0.476     0.476 r  clk_IBUF_inst/O
                         net (fo=1, routed)           0.719     1.195    clk_IBUF
    BUFGCTRL_X0Y1        BUFG (Prop_bufg_I_O)         0.029     1.224 r  clk_IBUF_BUFG_inst_replica/O
                         net (fo=5, routed)           0.033     1.257    clk_IBUF_BUFG_repN
    BUFGCTRL_X0Y0        BUFG (Prop_bufg_I_O)         0.029     1.286 r  clk_IBUF_BUFG_inst/O
                         net (fo=127, routed)         0.875     2.161    controller_inst/clk_IBUF_BUFG
    SLICE_X103Y33        FDPE                                         r  controller_inst/FSM_sequential_current_state_reg[0]/C
                         clock pessimism             -0.249     1.912    <hidden>
    SLICE_X103Y33        FDPE (Hold_fdpe_C_D)         0.092     2.004    controller_inst/FSM_sequential_current_state_reg[0]
  -------------------------------------------------------------------
                         required time                         -2.004    <hidden>
                         arrival time                           2.142    <hidden>
  -------------------------------------------------------------------
                         slack                                  0.138    <hidden>

Slack (MET) :             0.171ns  (arrival time - required time)
  Source:                 kernel_memory_inst/kernel_coefficients_reg[3][4]/C
                            (rising edge-triggered cell FDRE clocked by sys_clk  {rise@0.000ns fall@1.250ns period=2.500ns})
  Destination:            kernel_memory_inst/kernel_coefficients_reg[2][4]/D
                            (rising edge-triggered cell FDRE clocked by sys_clk  {rise@0.000ns fall@1.250ns period=2.500ns})
  Path Group:             sys_clk
  Path Type:              Hold (Min at Fast Process Corner)
  Requirement:            0.000ns  (sys_clk rise@0.000ns - sys_clk rise@0.000ns)
  Data Path Delay:        0.269ns  (logic 0.141ns (52.333%)  route 0.128ns (47.667%))
  Logic Levels:           0  
  Clock Path Skew:        0.034ns (DCD - SCD - CPR)
    Destination Clock Delay (DCD):    2.161ns
    Source Clock Delay      (SCD):    1.639ns
    Clock Pessimism Removal (CPR):    0.488ns

    Location             Delay type                Incr(ns)  Path(ns)    Netlist Resource(s)
  -------------------------------------------------------------------    -------------------
                         (clock sys_clk rise edge)    0.000     0.000 r  <hidden>
    U7                                                0.000     0.000 r  clk
                         net (fo=0)                   0.000     0.000    clk
    U7                   IBUF (Prop_ibuf_I_O)         0.286     0.286 r  clk_IBUF_inst/O
                         net (fo=1, routed)           0.663     0.949    clk_IBUF
    BUFGCTRL_X0Y1        BUFG (Prop_bufg_I_O)         0.026     0.975 r  clk_IBUF_BUFG_inst_replica/O
                         net (fo=5, routed)           0.030     1.005    clk_IBUF_BUFG_repN
    BUFGCTRL_X0Y0        BUFG (Prop_bufg_I_O)         0.026     1.031 r  clk_IBUF_BUFG_inst/O
                         net (fo=127, routed)         0.608     1.639    kernel_memory_inst/clk_IBUF_BUFG
    SLICE_X103Y34        FDRE                                         r  kernel_memory_inst/kernel_coefficients_reg[3][4]/C
  -------------------------------------------------------------------    -------------------
    SLICE_X103Y34        FDRE (Prop_fdre_C_Q)         0.141     1.780 r  kernel_memory_inst/kernel_coefficients_reg[3][4]/Q
                         net (fo=2, routed)           0.128     1.909    kernel_memory_inst/kernel_coefficients_reg[3][7]_0[4]
    SLICE_X104Y33        FDRE                                         r  kernel_memory_inst/kernel_coefficients_reg[2][4]/D
  -------------------------------------------------------------------    -------------------

                         (clock sys_clk rise edge)    0.000     0.000 r  <hidden>
    U7                                                0.000     0.000 r  clk
                         net (fo=0)                   0.000     0.000    clk
    U7                   IBUF (Prop_ibuf_I_O)         0.476     0.476 r  clk_IBUF_inst/O
                         net (fo=1, routed)           0.719     1.195    clk_IBUF
    BUFGCTRL_X0Y1        BUFG (Prop_bufg_I_O)         0.029     1.224 r  clk_IBUF_BUFG_inst_replica/O
                         net (fo=5, routed)           0.033     1.257    clk_IBUF_BUFG_repN
    BUFGCTRL_X0Y0        BUFG (Prop_bufg_I_O)         0.029     1.286 r  clk_IBUF_BUFG_inst/O
                         net (fo=127, routed)         0.875     2.161    kernel_memory_inst/clk_IBUF_BUFG
    SLICE_X104Y33        FDRE                                         r  kernel_memory_inst/kernel_coefficients_reg[2][4]/C
                         clock pessimism             -0.488     1.673    <hidden>
    SLICE_X104Y33        FDRE (Hold_fdre_C_D)         0.064     1.737    kernel_memory_inst/kernel_coefficients_reg[2][4]
  -------------------------------------------------------------------
                         required time                         -1.737    <hidden>
                         arrival time                           1.909    <hidden>
  -------------------------------------------------------------------
                         slack                                  0.171    <hidden>

Slack (MET) :             0.178ns  (arrival time - required time)
  Source:                 kernel_memory_inst/kernel_coefficients_reg[6][5]/C
                            (rising edge-triggered cell FDRE clocked by sys_clk  {rise@0.000ns fall@1.250ns period=2.500ns})
  Destination:            kernel_memory_inst/kernel_coefficients_reg[5][5]/D
                            (rising edge-triggered cell FDRE clocked by sys_clk  {rise@0.000ns fall@1.250ns period=2.500ns})
  Path Group:             sys_clk
  Path Type:              Hold (Min at Fast Process Corner)
  Requirement:            0.000ns  (sys_clk rise@0.000ns - sys_clk rise@0.000ns)
  Data Path Delay:        0.260ns  (logic 0.141ns (54.163%)  route 0.119ns (45.837%))
  Logic Levels:           0  
  Clock Path Skew:        0.035ns (DCD - SCD - CPR)
    Destination Clock Delay (DCD):    2.160ns
    Source Clock Delay      (SCD):    1.637ns
    Clock Pessimism Removal (CPR):    0.488ns

    Location             Delay type                Incr(ns)  Path(ns)    Netlist Resource(s)
  -------------------------------------------------------------------    -------------------
                         (clock sys_clk rise edge)    0.000     0.000 r  <hidden>
    U7                                                0.000     0.000 r  clk
                         net (fo=0)                   0.000     0.000    clk
    U7                   IBUF (Prop_ibuf_I_O)         0.286     0.286 r  clk_IBUF_inst/O
                         net (fo=1, routed)           0.663     0.949    clk_IBUF
    BUFGCTRL_X0Y1        BUFG (Prop_bufg_I_O)         0.026     0.975 r  clk_IBUF_BUFG_inst_replica/O
                         net (fo=5, routed)           0.030     1.005    clk_IBUF_BUFG_repN
    BUFGCTRL_X0Y0        BUFG (Prop_bufg_I_O)         0.026     1.031 r  clk_IBUF_BUFG_inst/O
                         net (fo=127, routed)         0.606     1.637    kernel_memory_inst/clk_IBUF_BUFG
    SLICE_X105Y32        FDRE                                         r  kernel_memory_inst/kernel_coefficients_reg[6][5]/C
  -------------------------------------------------------------------    -------------------
    SLICE_X105Y32        FDRE (Prop_fdre_C_Q)         0.141     1.778 r  kernel_memory_inst/kernel_coefficients_reg[6][5]/Q
                         net (fo=2, routed)           0.119     1.897    kernel_memory_inst/kernel_coefficients_reg[6][7]_0[5]
    SLICE_X103Y32        FDRE                                         r  kernel_memory_inst/kernel_coefficients_reg[5][5]/D
  -------------------------------------------------------------------    -------------------

                         (clock sys_clk rise edge)    0.000     0.000 r  <hidden>
    U7                                                0.000     0.000 r  clk
                         net (fo=0)                   0.000     0.000    clk
    U7                   IBUF (Prop_ibuf_I_O)         0.476     0.476 r  clk_IBUF_inst/O
                         net (fo=1, routed)           0.719     1.195    clk_IBUF
    BUFGCTRL_X0Y1        BUFG (Prop_bufg_I_O)         0.029     1.224 r  clk_IBUF_BUFG_inst_replica/O
                         net (fo=5, routed)           0.033     1.257    clk_IBUF_BUFG_repN
    BUFGCTRL_X0Y0        BUFG (Prop_bufg_I_O)         0.029     1.286 r  clk_IBUF_BUFG_inst/O
                         net (fo=127, routed)         0.874     2.160    kernel_memory_inst/clk_IBUF_BUFG
    SLICE_X103Y32        FDRE                                         r  kernel_memory_inst/kernel_coefficients_reg[5][5]/C
                         clock pessimism             -0.488     1.672    <hidden>
    SLICE_X103Y32        FDRE (Hold_fdre_C_D)         0.047     1.719    kernel_memory_inst/kernel_coefficients_reg[5][5]
  -------------------------------------------------------------------
                         required time                         -1.719    <hidden>
                         arrival time                           1.897    <hidden>
  -------------------------------------------------------------------
                         slack                                  0.178    <hidden>

Slack (MET) :             0.187ns  (arrival time - required time)
  Source:                 kernel_memory_inst/kernel_counter_reg[2]/C
                            (rising edge-triggered cell FDRE clocked by sys_clk  {rise@0.000ns fall@1.250ns period=2.500ns})
  Destination:            genblk1[0].mac_pipeline_inst/accumulation_stage_reg[5]/CEB1
                            (rising edge-triggered cell DSP48E1 clocked by sys_clk  {rise@0.000ns fall@1.250ns period=2.500ns})
  Path Group:             sys_clk
  Path Type:              Hold (Min at Fast Process Corner)
  Requirement:            0.000ns  (sys_clk rise@0.000ns - sys_clk rise@0.000ns)
  Data Path Delay:        0.631ns  (logic 0.209ns (33.129%)  route 0.422ns (66.870%))
  Logic Levels:           1  (LUT5=1)
  Clock Path Skew:        0.422ns (DCD - SCD - CPR)
    Destination Clock Delay (DCD):    2.253ns
    Source Clock Delay      (SCD):    1.582ns
    Clock Pessimism Removal (CPR):    0.249ns

    Location             Delay type                Incr(ns)  Path(ns)    Netlist Resource(s)
  -------------------------------------------------------------------    -------------------
                         (clock sys_clk rise edge)    0.000     0.000 r  <hidden>
    U7                                                0.000     0.000 r  clk
                         net (fo=0)                   0.000     0.000    clk
    U7                   IBUF (Prop_ibuf_I_O)         0.286     0.286 r  clk_IBUF_inst/O
                         net (fo=1, routed)           0.663     0.949    clk_IBUF
    BUFGCTRL_X0Y1        BUFG (Prop_bufg_I_O)         0.026     0.975 r  clk_IBUF_BUFG_inst_replica/O
                         net (fo=5, routed)           0.607     1.582    kernel_memory_inst/clk_IBUF_BUFG_repN_alias
    SLICE_X102Y33        FDRE                                         r  kernel_memory_inst/kernel_counter_reg[2]/C
  -------------------------------------------------------------------    -------------------
    SLICE_X102Y33        FDRE (Prop_fdre_C_Q)         0.164     1.746 f  kernel_memory_inst/kernel_counter_reg[2]/Q
                         net (fo=4, routed)           0.157     1.903    kernel_memory_inst/kernel_counter_reg[2]
    SLICE_X103Y33        LUT5 (Prop_lut5_I1_O)        0.045     1.948 r  kernel_memory_inst/kernel_coefficients[8][7]_i_1/O
                         net (fo=77, routed)          0.265     2.213    genblk1[0].mac_pipeline_inst/accumulation_stage_reg[8]_0
    DSP48_X4Y14          DSP48E1                                      r  genblk1[0].mac_pipeline_inst/accumulation_stage_reg[5]/CEB1
  -------------------------------------------------------------------    -------------------

                         (clock sys_clk rise edge)    0.000     0.000 r  <hidden>
    U7                                                0.000     0.000 r  clk
                         net (fo=0)                   0.000     0.000    clk
    U7                   IBUF (Prop_ibuf_I_O)         0.476     0.476 r  clk_IBUF_inst/O
                         net (fo=1, routed)           0.719     1.195    clk_IBUF
    BUFGCTRL_X0Y1        BUFG (Prop_bufg_I_O)         0.029     1.224 r  clk_IBUF_BUFG_inst_replica/O
                         net (fo=5, routed)           0.033     1.257    clk_IBUF_BUFG_repN
    BUFGCTRL_X0Y0        BUFG (Prop_bufg_I_O)         0.029     1.286 r  clk_IBUF_BUFG_inst/O
                         net (fo=127, routed)         0.967     2.253    genblk1[0].mac_pipeline_inst/clk_IBUF_BUFG
    DSP48_X4Y14          DSP48E1                                      r  genblk1[0].mac_pipeline_inst/accumulation_stage_reg[5]/CLK
                         clock pessimism             -0.249     2.004    <hidden>
    DSP48_X4Y14          DSP48E1 (Hold_dsp48e1_CLK_CEB1)
                                                      0.022     2.026    genblk1[0].mac_pipeline_inst/accumulation_stage_reg[5]
  -------------------------------------------------------------------
                         required time                         -2.026    <hidden>
                         arrival time                           2.213    <hidden>
  -------------------------------------------------------------------
                         slack                                  0.187    <hidden>

Slack (MET) :             0.187ns  (arrival time - required time)
  Source:                 kernel_memory_inst/kernel_counter_reg[2]/C
                            (rising edge-triggered cell FDRE clocked by sys_clk  {rise@0.000ns fall@1.250ns period=2.500ns})
  Destination:            genblk1[0].mac_pipeline_inst/accumulation_stage_reg[5]/CEB2
                            (rising edge-triggered cell DSP48E1 clocked by sys_clk  {rise@0.000ns fall@1.250ns period=2.500ns})
  Path Group:             sys_clk
  Path Type:              Hold (Min at Fast Process Corner)
  Requirement:            0.000ns  (sys_clk rise@0.000ns - sys_clk rise@0.000ns)
  Data Path Delay:        0.631ns  (logic 0.209ns (33.129%)  route 0.422ns (66.870%))
  Logic Levels:           1  (LUT5=1)
  Clock Path Skew:        0.422ns (DCD - SCD - CPR)
    Destination Clock Delay (DCD):    2.253ns
    Source Clock Delay      (SCD):    1.582ns
    Clock Pessimism Removal (CPR):    0.249ns

    Location             Delay type                Incr(ns)  Path(ns)    Netlist Resource(s)
  -------------------------------------------------------------------    -------------------
                         (clock sys_clk rise edge)    0.000     0.000 r  <hidden>
    U7                                                0.000     0.000 r  clk
                         net (fo=0)                   0.000     0.000    clk
    U7                   IBUF (Prop_ibuf_I_O)         0.286     0.286 r  clk_IBUF_inst/O
                         net (fo=1, routed)           0.663     0.949    clk_IBUF
    BUFGCTRL_X0Y1        BUFG (Prop_bufg_I_O)         0.026     0.975 r  clk_IBUF_BUFG_inst_replica/O
                         net (fo=5, routed)           0.607     1.582    kernel_memory_inst/clk_IBUF_BUFG_repN_alias
    SLICE_X102Y33        FDRE                                         r  kernel_memory_inst/kernel_counter_reg[2]/C
  -------------------------------------------------------------------    -------------------
    SLICE_X102Y33        FDRE (Prop_fdre_C_Q)         0.164     1.746 f  kernel_memory_inst/kernel_counter_reg[2]/Q
                         net (fo=4, routed)           0.157     1.903    kernel_memory_inst/kernel_counter_reg[2]
    SLICE_X103Y33        LUT5 (Prop_lut5_I1_O)        0.045     1.948 r  kernel_memory_inst/kernel_coefficients[8][7]_i_1/O
                         net (fo=77, routed)          0.265     2.213    genblk1[0].mac_pipeline_inst/accumulation_stage_reg[8]_0
    DSP48_X4Y14          DSP48E1                                      r  genblk1[0].mac_pipeline_inst/accumulation_stage_reg[5]/CEB2
  -------------------------------------------------------------------    -------------------

                         (clock sys_clk rise edge)    0.000     0.000 r  <hidden>
    U7                                                0.000     0.000 r  clk
                         net (fo=0)                   0.000     0.000    clk
    U7                   IBUF (Prop_ibuf_I_O)         0.476     0.476 r  clk_IBUF_inst/O
                         net (fo=1, routed)           0.719     1.195    clk_IBUF
    BUFGCTRL_X0Y1        BUFG (Prop_bufg_I_O)         0.029     1.224 r  clk_IBUF_BUFG_inst_replica/O
                         net (fo=5, routed)           0.033     1.257    clk_IBUF_BUFG_repN
    BUFGCTRL_X0Y0        BUFG (Prop_bufg_I_O)         0.029     1.286 r  clk_IBUF_BUFG_inst/O
                         net (fo=127, routed)         0.967     2.253    genblk1[0].mac_pipeline_inst/clk_IBUF_BUFG
    DSP48_X4Y14          DSP48E1                                      r  genblk1[0].mac_pipeline_inst/accumulation_stage_reg[5]/CLK
                         clock pessimism             -0.249     2.004    <hidden>
    DSP48_X4Y14          DSP48E1 (Hold_dsp48e1_CLK_CEB2)
                                                      0.022     2.026    genblk1[0].mac_pipeline_inst/accumulation_stage_reg[5]
  -------------------------------------------------------------------
                         required time                         -2.026    <hidden>
                         arrival time                           2.213    <hidden>
  -------------------------------------------------------------------
                         slack                                  0.187    <hidden>

Slack (MET) :             0.191ns  (arrival time - required time)
  Source:                 genblk1[0].mac_pipeline_inst/delayed_window_pixels_reg[3][1][5]/C
                            (rising edge-triggered cell FDRE clocked by sys_clk  {rise@0.000ns fall@1.250ns period=2.500ns})
  Destination:            genblk1[0].mac_pipeline_inst/accumulation_stage_reg[3]/A[5]
                            (rising edge-triggered cell DSP48E1 clocked by sys_clk  {rise@0.000ns fall@1.250ns period=2.500ns})
  Path Group:             sys_clk
  Path Type:              Hold (Min at Fast Process Corner)
  Requirement:            0.000ns  (sys_clk rise@0.000ns - sys_clk rise@0.000ns)
  Data Path Delay:        0.382ns  (logic 0.164ns (42.947%)  route 0.218ns (57.053%))
  Logic Levels:           0  
  Clock Path Skew:        0.125ns (DCD - SCD - CPR)
    Destination Clock Delay (DCD):    2.249ns
    Source Clock Delay      (SCD):    1.636ns
    Clock Pessimism Removal (CPR):    0.488ns

    Location             Delay type                Incr(ns)  Path(ns)    Netlist Resource(s)
  -------------------------------------------------------------------    -------------------
                         (clock sys_clk rise edge)    0.000     0.000 r  <hidden>
    U7                                                0.000     0.000 r  clk
                         net (fo=0)                   0.000     0.000    clk
    U7                   IBUF (Prop_ibuf_I_O)         0.286     0.286 r  clk_IBUF_inst/O
                         net (fo=1, routed)           0.663     0.949    clk_IBUF
    BUFGCTRL_X0Y1        BUFG (Prop_bufg_I_O)         0.026     0.975 r  clk_IBUF_BUFG_inst_replica/O
                         net (fo=5, routed)           0.030     1.005    clk_IBUF_BUFG_repN
    BUFGCTRL_X0Y0        BUFG (Prop_bufg_I_O)         0.026     1.031 r  clk_IBUF_BUFG_inst/O
                         net (fo=127, routed)         0.605     1.636    genblk1[0].mac_pipeline_inst/clk_IBUF_BUFG
    SLICE_X104Y31        FDRE                                         r  genblk1[0].mac_pipeline_inst/delayed_window_pixels_reg[3][1][5]/C
  -------------------------------------------------------------------    -------------------
    SLICE_X104Y31        FDRE (Prop_fdre_C_Q)         0.164     1.800 r  genblk1[0].mac_pipeline_inst/delayed_window_pixels_reg[3][1][5]/Q
                         net (fo=3, routed)           0.218     2.018    genblk1[0].mac_pipeline_inst/window_pixels_reg[7][5]
    DSP48_X4Y12          DSP48E1                                      r  genblk1[0].mac_pipeline_inst/accumulation_stage_reg[3]/A[5]
  -------------------------------------------------------------------    -------------------

                         (clock sys_clk rise edge)    0.000     0.000 r  <hidden>
    U7                                                0.000     0.000 r  clk
                         net (fo=0)                   0.000     0.000    clk
    U7                   IBUF (Prop_ibuf_I_O)         0.476     0.476 r  clk_IBUF_inst/O
                         net (fo=1, routed)           0.719     1.195    clk_IBUF
    BUFGCTRL_X0Y1        BUFG (Prop_bufg_I_O)         0.029     1.224 r  clk_IBUF_BUFG_inst_replica/O
                         net (fo=5, routed)           0.033     1.257    clk_IBUF_BUFG_repN
    BUFGCTRL_X0Y0        BUFG (Prop_bufg_I_O)         0.029     1.286 r  clk_IBUF_BUFG_inst/O
                         net (fo=127, routed)         0.963     2.249    genblk1[0].mac_pipeline_inst/clk_IBUF_BUFG
    DSP48_X4Y12          DSP48E1                                      r  genblk1[0].mac_pipeline_inst/accumulation_stage_reg[3]/CLK
                         clock pessimism             -0.488     1.761    <hidden>
    DSP48_X4Y12          DSP48E1 (Hold_dsp48e1_CLK_A[5])
                                                      0.066     1.827    genblk1[0].mac_pipeline_inst/accumulation_stage_reg[3]
  -------------------------------------------------------------------
                         required time                         -1.827    <hidden>
                         arrival time                           2.018    <hidden>
  -------------------------------------------------------------------
                         slack                                  0.191    <hidden>

Slack (MET) :             0.191ns  (arrival time - required time)
  Source:                 genblk1[0].mac_pipeline_inst/delayed_window_pixels_reg[3][1][6]/C
                            (rising edge-triggered cell FDRE clocked by sys_clk  {rise@0.000ns fall@1.250ns period=2.500ns})
  Destination:            genblk1[0].mac_pipeline_inst/accumulation_stage_reg[3]/A[6]
                            (rising edge-triggered cell DSP48E1 clocked by sys_clk  {rise@0.000ns fall@1.250ns period=2.500ns})
  Path Group:             sys_clk
  Path Type:              Hold (Min at Fast Process Corner)
  Requirement:            0.000ns  (sys_clk rise@0.000ns - sys_clk rise@0.000ns)
  Data Path Delay:        0.382ns  (logic 0.164ns (42.947%)  route 0.218ns (57.053%))
  Logic Levels:           0  
  Clock Path Skew:        0.125ns (DCD - SCD - CPR)
    Destination Clock Delay (DCD):    2.249ns
    Source Clock Delay      (SCD):    1.636ns
    Clock Pessimism Removal (CPR):    0.488ns

    Location             Delay type                Incr(ns)  Path(ns)    Netlist Resource(s)
  -------------------------------------------------------------------    -------------------
                         (clock sys_clk rise edge)    0.000     0.000 r  <hidden>
    U7                                                0.000     0.000 r  clk
                         net (fo=0)                   0.000     0.000    clk
    U7                   IBUF (Prop_ibuf_I_O)         0.286     0.286 r  clk_IBUF_inst/O
                         net (fo=1, routed)           0.663     0.949    clk_IBUF
    BUFGCTRL_X0Y1        BUFG (Prop_bufg_I_O)         0.026     0.975 r  clk_IBUF_BUFG_inst_replica/O
                         net (fo=5, routed)           0.030     1.005    clk_IBUF_BUFG_repN
    BUFGCTRL_X0Y0        BUFG (Prop_bufg_I_O)         0.026     1.031 r  clk_IBUF_BUFG_inst/O
                         net (fo=127, routed)         0.605     1.636    genblk1[0].mac_pipeline_inst/clk_IBUF_BUFG
    SLICE_X104Y31        FDRE                                         r  genblk1[0].mac_pipeline_inst/delayed_window_pixels_reg[3][1][6]/C
  -------------------------------------------------------------------    -------------------
    SLICE_X104Y31        FDRE (Prop_fdre_C_Q)         0.164     1.800 r  genblk1[0].mac_pipeline_inst/delayed_window_pixels_reg[3][1][6]/Q
                         net (fo=3, routed)           0.218     2.018    genblk1[0].mac_pipeline_inst/window_pixels_reg[7][6]
    DSP48_X4Y12          DSP48E1                                      r  genblk1[0].mac_pipeline_inst/accumulation_stage_reg[3]/A[6]
  -------------------------------------------------------------------    -------------------

                         (clock sys_clk rise edge)    0.000     0.000 r  <hidden>
    U7                                                0.000     0.000 r  clk
                         net (fo=0)                   0.000     0.000    clk
    U7                   IBUF (Prop_ibuf_I_O)         0.476     0.476 r  clk_IBUF_inst/O
                         net (fo=1, routed)           0.719     1.195    clk_IBUF
    BUFGCTRL_X0Y1        BUFG (Prop_bufg_I_O)         0.029     1.224 r  clk_IBUF_BUFG_inst_replica/O
                         net (fo=5, routed)           0.033     1.257    clk_IBUF_BUFG_repN
    BUFGCTRL_X0Y0        BUFG (Prop_bufg_I_O)         0.029     1.286 r  clk_IBUF_BUFG_inst/O
                         net (fo=127, routed)         0.963     2.249    genblk1[0].mac_pipeline_inst/clk_IBUF_BUFG
    DSP48_X4Y12          DSP48E1                                      r  genblk1[0].mac_pipeline_inst/accumulation_stage_reg[3]/CLK
                         clock pessimism             -0.488     1.761    <hidden>
    DSP48_X4Y12          DSP48E1 (Hold_dsp48e1_CLK_A[6])
                                                      0.066     1.827    genblk1[0].mac_pipeline_inst/accumulation_stage_reg[3]
  -------------------------------------------------------------------
                         required time                         -1.827    <hidden>
                         arrival time                           2.018    <hidden>
  -------------------------------------------------------------------
                         slack                                  0.191    <hidden>

Slack (MET) :             0.192ns  (arrival time - required time)
  Source:                 kernel_memory_inst/kernel_counter_reg[2]/C
                            (rising edge-triggered cell FDRE clocked by sys_clk  {rise@0.000ns fall@1.250ns period=2.500ns})
  Destination:            genblk1[0].mac_pipeline_inst/accumulation_stage_reg[4]/CEB1
                            (rising edge-triggered cell DSP48E1 clocked by sys_clk  {rise@0.000ns fall@1.250ns period=2.500ns})
  Path Group:             sys_clk
  Path Type:              Hold (Min at Fast Process Corner)
  Requirement:            0.000ns  (sys_clk rise@0.000ns - sys_clk rise@0.000ns)
  Data Path Delay:        0.634ns  (logic 0.209ns (32.958%)  route 0.425ns (67.042%))
  Logic Levels:           1  (LUT5=1)
  Clock Path Skew:        0.420ns (DCD - SCD - CPR)
    Destination Clock Delay (DCD):    2.251ns
    Source Clock Delay      (SCD):    1.582ns
    Clock Pessimism Removal (CPR):    0.249ns

    Location             Delay type                Incr(ns)  Path(ns)    Netlist Resource(s)
  -------------------------------------------------------------------    -------------------
                         (clock sys_clk rise edge)    0.000     0.000 r  <hidden>
    U7                                                0.000     0.000 r  clk
                         net (fo=0)                   0.000     0.000    clk
    U7                   IBUF (Prop_ibuf_I_O)         0.286     0.286 r  clk_IBUF_inst/O
                         net (fo=1, routed)           0.663     0.949    clk_IBUF
    BUFGCTRL_X0Y1        BUFG (Prop_bufg_I_O)         0.026     0.975 r  clk_IBUF_BUFG_inst_replica/O
                         net (fo=5, routed)           0.607     1.582    kernel_memory_inst/clk_IBUF_BUFG_repN_alias
    SLICE_X102Y33        FDRE                                         r  kernel_memory_inst/kernel_counter_reg[2]/C
  -------------------------------------------------------------------    -------------------
    SLICE_X102Y33        FDRE (Prop_fdre_C_Q)         0.164     1.746 f  kernel_memory_inst/kernel_counter_reg[2]/Q
                         net (fo=4, routed)           0.157     1.903    kernel_memory_inst/kernel_counter_reg[2]
    SLICE_X103Y33        LUT5 (Prop_lut5_I1_O)        0.045     1.948 r  kernel_memory_inst/kernel_coefficients[8][7]_i_1/O
                         net (fo=77, routed)          0.268     2.216    genblk1[0].mac_pipeline_inst/accumulation_stage_reg[8]_0
    DSP48_X4Y13          DSP48E1                                      r  genblk1[0].mac_pipeline_inst/accumulation_stage_reg[4]/CEB1
  -------------------------------------------------------------------    -------------------

                         (clock sys_clk rise edge)    0.000     0.000 r  <hidden>
    U7                                                0.000     0.000 r  clk
                         net (fo=0)                   0.000     0.000    clk
    U7                   IBUF (Prop_ibuf_I_O)         0.476     0.476 r  clk_IBUF_inst/O
                         net (fo=1, routed)           0.719     1.195    clk_IBUF
    BUFGCTRL_X0Y1        BUFG (Prop_bufg_I_O)         0.029     1.224 r  clk_IBUF_BUFG_inst_replica/O
                         net (fo=5, routed)           0.033     1.257    clk_IBUF_BUFG_repN
    BUFGCTRL_X0Y0        BUFG (Prop_bufg_I_O)         0.029     1.286 r  clk_IBUF_BUFG_inst/O
                         net (fo=127, routed)         0.965     2.251    genblk1[0].mac_pipeline_inst/clk_IBUF_BUFG
    DSP48_X4Y13          DSP48E1                                      r  genblk1[0].mac_pipeline_inst/accumulation_stage_reg[4]/CLK
                         clock pessimism             -0.249     2.002    <hidden>
    DSP48_X4Y13          DSP48E1 (Hold_dsp48e1_CLK_CEB1)
                                                      0.022     2.024    genblk1[0].mac_pipeline_inst/accumulation_stage_reg[4]
  -------------------------------------------------------------------
                         required time                         -2.024    <hidden>
                         arrival time                           2.216    <hidden>
  -------------------------------------------------------------------
                         slack                                  0.192    <hidden>

Slack (MET) :             0.192ns  (arrival time - required time)
  Source:                 kernel_memory_inst/kernel_counter_reg[2]/C
                            (rising edge-triggered cell FDRE clocked by sys_clk  {rise@0.000ns fall@1.250ns period=2.500ns})
  Destination:            genblk1[0].mac_pipeline_inst/accumulation_stage_reg[4]/CEB2
                            (rising edge-triggered cell DSP48E1 clocked by sys_clk  {rise@0.000ns fall@1.250ns period=2.500ns})
  Path Group:             sys_clk
  Path Type:              Hold (Min at Fast Process Corner)
  Requirement:            0.000ns  (sys_clk rise@0.000ns - sys_clk rise@0.000ns)
  Data Path Delay:        0.634ns  (logic 0.209ns (32.958%)  route 0.425ns (67.042%))
  Logic Levels:           1  (LUT5=1)
  Clock Path Skew:        0.420ns (DCD - SCD - CPR)
    Destination Clock Delay (DCD):    2.251ns
    Source Clock Delay      (SCD):    1.582ns
    Clock Pessimism Removal (CPR):    0.249ns

    Location             Delay type                Incr(ns)  Path(ns)    Netlist Resource(s)
  -------------------------------------------------------------------    -------------------
                         (clock sys_clk rise edge)    0.000     0.000 r  <hidden>
    U7                                                0.000     0.000 r  clk
                         net (fo=0)                   0.000     0.000    clk
    U7                   IBUF (Prop_ibuf_I_O)         0.286     0.286 r  clk_IBUF_inst/O
                         net (fo=1, routed)           0.663     0.949    clk_IBUF
    BUFGCTRL_X0Y1        BUFG (Prop_bufg_I_O)         0.026     0.975 r  clk_IBUF_BUFG_inst_replica/O
                         net (fo=5, routed)           0.607     1.582    kernel_memory_inst/clk_IBUF_BUFG_repN_alias
    SLICE_X102Y33        FDRE                                         r  kernel_memory_inst/kernel_counter_reg[2]/C
  -------------------------------------------------------------------    -------------------
    SLICE_X102Y33        FDRE (Prop_fdre_C_Q)         0.164     1.746 f  kernel_memory_inst/kernel_counter_reg[2]/Q
                         net (fo=4, routed)           0.157     1.903    kernel_memory_inst/kernel_counter_reg[2]
    SLICE_X103Y33        LUT5 (Prop_lut5_I1_O)        0.045     1.948 r  kernel_memory_inst/kernel_coefficients[8][7]_i_1/O
                         net (fo=77, routed)          0.268     2.216    genblk1[0].mac_pipeline_inst/accumulation_stage_reg[8]_0
    DSP48_X4Y13          DSP48E1                                      r  genblk1[0].mac_pipeline_inst/accumulation_stage_reg[4]/CEB2
  -------------------------------------------------------------------    -------------------

                         (clock sys_clk rise edge)    0.000     0.000 r  <hidden>
    U7                                                0.000     0.000 r  clk
                         net (fo=0)                   0.000     0.000    clk
    U7                   IBUF (Prop_ibuf_I_O)         0.476     0.476 r  clk_IBUF_inst/O
                         net (fo=1, routed)           0.719     1.195    clk_IBUF
    BUFGCTRL_X0Y1        BUFG (Prop_bufg_I_O)         0.029     1.224 r  clk_IBUF_BUFG_inst_replica/O
                         net (fo=5, routed)           0.033     1.257    clk_IBUF_BUFG_repN
    BUFGCTRL_X0Y0        BUFG (Prop_bufg_I_O)         0.029     1.286 r  clk_IBUF_BUFG_inst/O
                         net (fo=127, routed)         0.965     2.251    genblk1[0].mac_pipeline_inst/clk_IBUF_BUFG
    DSP48_X4Y13          DSP48E1                                      r  genblk1[0].mac_pipeline_inst/accumulation_stage_reg[4]/CLK
                         clock pessimism             -0.249     2.002    <hidden>
    DSP48_X4Y13          DSP48E1 (Hold_dsp48e1_CLK_CEB2)
                                                      0.022     2.024    genblk1[0].mac_pipeline_inst/accumulation_stage_reg[4]
  -------------------------------------------------------------------
                         required time                         -2.024    <hidden>
                         arrival time                           2.216    <hidden>
  -------------------------------------------------------------------
                         slack                                  0.192    <hidden>

Slack (MET) :             0.194ns  (arrival time - required time)
  Source:                 genblk1[0].mac_pipeline_inst/delayed_window_pixels_reg[6][4][7]/C
                            (rising edge-triggered cell FDRE clocked by sys_clk  {rise@0.000ns fall@1.250ns period=2.500ns})
  Destination:            window_generator_inst/window_pixels_reg[8][7]_srl28/D
                            (rising edge-triggered cell SRLC32E clocked by sys_clk  {rise@0.000ns fall@1.250ns period=2.500ns})
  Path Group:             sys_clk
  Path Type:              Hold (Min at Fast Process Corner)
  Requirement:            0.000ns  (sys_clk rise@0.000ns - sys_clk rise@0.000ns)
  Data Path Delay:        0.386ns  (logic 0.164ns (42.506%)  route 0.222ns (57.494%))
  Logic Levels:           0  
  Clock Path Skew:        0.009ns (DCD - SCD - CPR)
    Destination Clock Delay (DCD):    2.159ns
    Source Clock Delay      (SCD):    1.641ns
    Clock Pessimism Removal (CPR):    0.509ns

    Location             Delay type                Incr(ns)  Path(ns)    Netlist Resource(s)
  -------------------------------------------------------------------    -------------------
                         (clock sys_clk rise edge)    0.000     0.000 r  <hidden>
    U7                                                0.000     0.000 r  clk
                         net (fo=0)                   0.000     0.000    clk
    U7                   IBUF (Prop_ibuf_I_O)         0.286     0.286 r  clk_IBUF_inst/O
                         net (fo=1, routed)           0.663     0.949    clk_IBUF
    BUFGCTRL_X0Y1        BUFG (Prop_bufg_I_O)         0.026     0.975 r  clk_IBUF_BUFG_inst_replica/O
                         net (fo=5, routed)           0.030     1.005    clk_IBUF_BUFG_repN
    BUFGCTRL_X0Y0        BUFG (Prop_bufg_I_O)         0.026     1.031 r  clk_IBUF_BUFG_inst/O
                         net (fo=127, routed)         0.610     1.641    genblk1[0].mac_pipeline_inst/clk_IBUF_BUFG
    SLICE_X104Y38        FDRE                                         r  genblk1[0].mac_pipeline_inst/delayed_window_pixels_reg[6][4][7]/C
  -------------------------------------------------------------------    -------------------
    SLICE_X104Y38        FDRE (Prop_fdre_C_Q)         0.164     1.805 r  genblk1[0].mac_pipeline_inst/delayed_window_pixels_reg[6][4][7]/Q
                         net (fo=4, routed)           0.222     2.027    window_generator_inst/A[7]
    SLICE_X104Y31        SRLC32E                                      r  window_generator_inst/window_pixels_reg[8][7]_srl28/D
  -------------------------------------------------------------------    -------------------

                         (clock sys_clk rise edge)    0.000     0.000 r  <hidden>
    U7                                                0.000     0.000 r  clk
                         net (fo=0)                   0.000     0.000    clk
    U7                   IBUF (Prop_ibuf_I_O)         0.476     0.476 r  clk_IBUF_inst/O
                         net (fo=1, routed)           0.719     1.195    clk_IBUF
    BUFGCTRL_X0Y1        BUFG (Prop_bufg_I_O)         0.029     1.224 r  clk_IBUF_BUFG_inst_replica/O
                         net (fo=5, routed)           0.033     1.257    clk_IBUF_BUFG_repN
    BUFGCTRL_X0Y0        BUFG (Prop_bufg_I_O)         0.029     1.286 r  clk_IBUF_BUFG_inst/O
                         net (fo=127, routed)         0.873     2.159    window_generator_inst/clk_IBUF_BUFG
    SLICE_X104Y31        SRLC32E                                      r  window_generator_inst/window_pixels_reg[8][7]_srl28/CLK
                         clock pessimism             -0.509     1.650    <hidden>
    SLICE_X104Y31        SRLC32E (Hold_srlc32e_CLK_D)
                                                      0.183     1.833    window_generator_inst/window_pixels_reg[8][7]_srl28
  -------------------------------------------------------------------
                         required time                         -1.833    <hidden>
                         arrival time                           2.027    <hidden>
  -------------------------------------------------------------------
                         slack                                  0.194    <hidden>





Pulse Width Checks
--------------------------------------------------------------------------------------
Clock Name:         sys_clk
Waveform(ns):       { 0.000 1.250 }
Period(ns):         2.500
Sources:            { clk }

Check Type        Corner  Lib Pin      Reference Pin  Required(ns)  Actual(ns)  Slack(ns)  Location       Pin
Min Period        n/a     BUFG/I       n/a            2.155         2.500       0.345      BUFGCTRL_X0Y0  clk_IBUF_BUFG_inst/I
Min Period        n/a     BUFG/I       n/a            2.155         2.500       0.345      BUFGCTRL_X0Y1  clk_IBUF_BUFG_inst_replica/I
Min Period        n/a     DSP48E1/CLK  n/a            2.154         2.500       0.346      DSP48_X4Y10    genblk1[0].mac_pipeline_inst/accumulation_stage_reg[1]/CLK
Min Period        n/a     DSP48E1/CLK  n/a            2.154         2.500       0.346      DSP48_X4Y11    genblk1[0].mac_pipeline_inst/accumulation_stage_reg[2]/CLK
Min Period        n/a     DSP48E1/CLK  n/a            2.154         2.500       0.346      DSP48_X4Y12    genblk1[0].mac_pipeline_inst/accumulation_stage_reg[3]/CLK
Min Period        n/a     DSP48E1/CLK  n/a            2.154         2.500       0.346      DSP48_X4Y13    genblk1[0].mac_pipeline_inst/accumulation_stage_reg[4]/CLK
Min Period        n/a     DSP48E1/CLK  n/a            2.154         2.500       0.346      DSP48_X4Y14    genblk1[0].mac_pipeline_inst/accumulation_stage_reg[5]/CLK
Min Period        n/a     DSP48E1/CLK  n/a            2.154         2.500       0.346      DSP48_X4Y15    genblk1[0].mac_pipeline_inst/accumulation_stage_reg[6]/CLK
Min Period        n/a     DSP48E1/CLK  n/a            2.154         2.500       0.346      DSP48_X4Y16    genblk1[0].mac_pipeline_inst/accumulation_stage_reg[7]/CLK
Min Period        n/a     DSP48E1/CLK  n/a            2.154         2.500       0.346      DSP48_X4Y17    genblk1[0].mac_pipeline_inst/accumulation_stage_reg[8]/CLK
Low Pulse Width   Slow    SRLC32E/CLK  n/a            0.980         1.250       0.270      SLICE_X104Y38  genblk1[0].mac_pipeline_inst/delayed_window_pixels_reg[6][3][0]_srl28/CLK
Low Pulse Width   Fast    SRLC32E/CLK  n/a            0.980         1.250       0.270      SLICE_X104Y38  genblk1[0].mac_pipeline_inst/delayed_window_pixels_reg[6][3][0]_srl28/CLK
Low Pulse Width   Slow    SRLC32E/CLK  n/a            0.980         1.250       0.270      SLICE_X104Y35  genblk1[0].mac_pipeline_inst/delayed_window_pixels_reg[6][3][1]_srl28/CLK
Low Pulse Width   Fast    SRLC32E/CLK  n/a            0.980         1.250       0.270      SLICE_X104Y35  genblk1[0].mac_pipeline_inst/delayed_window_pixels_reg[6][3][1]_srl28/CLK
Low Pulse Width   Slow    SRLC32E/CLK  n/a            0.980         1.250       0.270      SLICE_X104Y35  genblk1[0].mac_pipeline_inst/delayed_window_pixels_reg[6][3][2]_srl28/CLK
Low Pulse Width   Fast    SRLC32E/CLK  n/a            0.980         1.250       0.270      SLICE_X104Y35  genblk1[0].mac_pipeline_inst/delayed_window_pixels_reg[6][3][2]_srl28/CLK
Low Pulse Width   Slow    SRLC32E/CLK  n/a            0.980         1.250       0.270      SLICE_X104Y38  genblk1[0].mac_pipeline_inst/delayed_window_pixels_reg[6][3][3]_srl28/CLK
Low Pulse Width   Fast    SRLC32E/CLK  n/a            0.980         1.250       0.270      SLICE_X104Y38  genblk1[0].mac_pipeline_inst/delayed_window_pixels_reg[6][3][3]_srl28/CLK
Low Pulse Width   Slow    SRLC32E/CLK  n/a            0.980         1.250       0.270      SLICE_X104Y38  genblk1[0].mac_pipeline_inst/delayed_window_pixels_reg[6][3][4]_srl28/CLK
Low Pulse Width   Fast    SRLC32E/CLK  n/a            0.980         1.250       0.270      SLICE_X104Y38  genblk1[0].mac_pipeline_inst/delayed_window_pixels_reg[6][3][4]_srl28/CLK
High Pulse Width  Slow    SRLC32E/CLK  n/a            0.980         1.250       0.270      SLICE_X104Y38  genblk1[0].mac_pipeline_inst/delayed_window_pixels_reg[6][3][0]_srl28/CLK
High Pulse Width  Fast    SRLC32E/CLK  n/a            0.980         1.250       0.270      SLICE_X104Y38  genblk1[0].mac_pipeline_inst/delayed_window_pixels_reg[6][3][0]_srl28/CLK
High Pulse Width  Slow    SRLC32E/CLK  n/a            0.980         1.250       0.270      SLICE_X104Y35  genblk1[0].mac_pipeline_inst/delayed_window_pixels_reg[6][3][1]_srl28/CLK
High Pulse Width  Fast    SRLC32E/CLK  n/a            0.980         1.250       0.270      SLICE_X104Y35  genblk1[0].mac_pipeline_inst/delayed_window_pixels_reg[6][3][1]_srl28/CLK
High Pulse Width  Slow    SRLC32E/CLK  n/a            0.980         1.250       0.270      SLICE_X104Y35  genblk1[0].mac_pipeline_inst/delayed_window_pixels_reg[6][3][2]_srl28/CLK
High Pulse Width  Fast    SRLC32E/CLK  n/a            0.980         1.250       0.270      SLICE_X104Y35  genblk1[0].mac_pipeline_inst/delayed_window_pixels_reg[6][3][2]_srl28/CLK
High Pulse Width  Slow    SRLC32E/CLK  n/a            0.980         1.250       0.270      SLICE_X104Y38  genblk1[0].mac_pipeline_inst/delayed_window_pixels_reg[6][3][3]_srl28/CLK
High Pulse Width  Fast    SRLC32E/CLK  n/a            0.980         1.250       0.270      SLICE_X104Y38  genblk1[0].mac_pipeline_inst/delayed_window_pixels_reg[6][3][3]_srl28/CLK
High Pulse Width  Slow    SRLC32E/CLK  n/a            0.980         1.250       0.270      SLICE_X104Y38  genblk1[0].mac_pipeline_inst/delayed_window_pixels_reg[6][3][4]_srl28/CLK
High Pulse Width  Fast    SRLC32E/CLK  n/a            0.980         1.250       0.270      SLICE_X104Y38  genblk1[0].mac_pipeline_inst/delayed_window_pixels_reg[6][3][4]_srl28/CLK



--------------------------------------------------------------------------------------
Path Group:  (none)
From Clock:  sys_clk
  To Clock:  

Max Delay            20 Endpoints
Min Delay            20 Endpoints
--------------------------------------------------------------------------------------


Max Delay Paths
--------------------------------------------------------------------------------------
Slack:                    inf
  Source:                 controller_inst/FSM_sequential_current_state_reg[1]/C
                            (rising edge-triggered cell FDCE clocked by sys_clk  {rise@0.000ns fall@1.250ns period=2.500ns})
  Destination:            data_valid
                            (output port)
  Path Group:             (none)
  Path Type:              Max at Slow Process Corner
  Data Path Delay:        10.116ns  (logic 3.268ns (32.300%)  route 6.849ns (67.700%))
  Logic Levels:           2  (LUT6=1 OBUF=1)
  Clock Uncertainty:      0.025ns  ((TSJ^2 + TIJ^2)^1/2 + DJ) / 2 + PE
    Total System Jitter     (TSJ):    0.050ns
    Total Input Jitter      (TIJ):    0.000ns
    Discrete Jitter          (DJ):    0.000ns
    Phase Error              (PE):    0.000ns
  Timing Exception:       False Path

    Location             Delay type                Incr(ns)  Path(ns)    Netlist Resource(s)
  -------------------------------------------------------------------    -------------------
                         (clock sys_clk rise edge)    0.000     0.000 r  <hidden>
    U7                                                0.000     0.000 r  clk
                         net (fo=0)                   0.000     0.000    clk
    U7                   IBUF (Prop_ibuf_I_O)         1.058     1.058 r  clk_IBUF_inst/O
                         net (fo=1, routed)           2.171     3.229    clk_IBUF
    BUFGCTRL_X0Y1        BUFG (Prop_bufg_I_O)         0.101     3.330 r  clk_IBUF_BUFG_inst_replica/O
                         net (fo=5, routed)           0.146     3.476    clk_IBUF_BUFG_repN
    BUFGCTRL_X0Y0        BUFG (Prop_bufg_I_O)         0.101     3.577 r  clk_IBUF_BUFG_inst/O
                         net (fo=127, routed)         1.791     5.368    controller_inst/clk_IBUF_BUFG
    SLICE_X101Y33        FDCE                                         r  controller_inst/FSM_sequential_current_state_reg[1]/C
  -------------------------------------------------------------------    -------------------
    SLICE_X101Y33        FDCE (Prop_fdce_C_Q)         0.456     5.824 r  controller_inst/FSM_sequential_current_state_reg[1]/Q
                         net (fo=14, routed)          1.301     7.126    controller_inst/Q[1]
    SLICE_X101Y31        LUT6 (Prop_lut6_I0_O)        0.124     7.250 r  controller_inst/data_valid_OBUF_inst_i_1/O
                         net (fo=20, routed)          5.547    12.797    data_valid_OBUF
    U9                   OBUF (Prop_obuf_I_O)         2.688    15.485 r  data_valid_OBUF_inst/O
                         net (fo=0)                   0.000    15.485    data_valid
    U9                                                                r  data_valid
  -------------------------------------------------------------------    -------------------

Slack:                    inf
  Source:                 controller_inst/FSM_sequential_current_state_reg[1]/C
                            (rising edge-triggered cell FDCE clocked by sys_clk  {rise@0.000ns fall@1.250ns period=2.500ns})
  Destination:            out_pixel[13]
                            (output port)
  Path Group:             (none)
  Path Type:              Max at Slow Process Corner
  Data Path Delay:        8.665ns  (logic 3.041ns (35.091%)  route 5.624ns (64.909%))
  Logic Levels:           3  (LUT3=1 LUT6=1 OBUF=1)
  Clock Uncertainty:      0.025ns  ((TSJ^2 + TIJ^2)^1/2 + DJ) / 2 + PE
    Total System Jitter     (TSJ):    0.050ns
    Total Input Jitter      (TIJ):    0.000ns
    Discrete Jitter          (DJ):    0.000ns
    Phase Error              (PE):    0.000ns
  Timing Exception:       False Path

    Location             Delay type                Incr(ns)  Path(ns)    Netlist Resource(s)
  -------------------------------------------------------------------    -------------------
                         (clock sys_clk rise edge)    0.000     0.000 r  <hidden>
    U7                                                0.000     0.000 r  clk
                         net (fo=0)                   0.000     0.000    clk
    U7                   IBUF (Prop_ibuf_I_O)         1.058     1.058 r  clk_IBUF_inst/O
                         net (fo=1, routed)           2.171     3.229    clk_IBUF
    BUFGCTRL_X0Y1        BUFG (Prop_bufg_I_O)         0.101     3.330 r  clk_IBUF_BUFG_inst_replica/O
                         net (fo=5, routed)           0.146     3.476    clk_IBUF_BUFG_repN
    BUFGCTRL_X0Y0        BUFG (Prop_bufg_I_O)         0.101     3.577 r  clk_IBUF_BUFG_inst/O
                         net (fo=127, routed)         1.791     5.368    controller_inst/clk_IBUF_BUFG
    SLICE_X101Y33        FDCE                                         r  controller_inst/FSM_sequential_current_state_reg[1]/C
  -------------------------------------------------------------------    -------------------
    SLICE_X101Y33        FDCE (Prop_fdce_C_Q)         0.456     5.824 r  controller_inst/FSM_sequential_current_state_reg[1]/Q
                         net (fo=14, routed)          1.301     7.126    controller_inst/Q[1]
    SLICE_X101Y31        LUT6 (Prop_lut6_I0_O)        0.124     7.250 r  controller_inst/data_valid_OBUF_inst_i_1/O
                         net (fo=20, routed)          1.810     9.060    genblk1[0].mac_pipeline_inst/data_valid_OBUF
    SLICE_X102Y48        LUT3 (Prop_lut3_I1_O)        0.152     9.212 r  genblk1[0].mac_pipeline_inst/out_pixel_OBUF[13]_inst_i_1/O
                         net (fo=1, routed)           2.512    11.725    out_pixel_OBUF[13]
    W16                  OBUF (Prop_obuf_I_O)         2.309    14.033 r  out_pixel_OBUF[13]_inst/O
                         net (fo=0)                   0.000    14.033    out_pixel[13]
    W16                                                               r  out_pixel[13]
  -------------------------------------------------------------------    -------------------

Slack:                    inf
  Source:                 controller_inst/FSM_sequential_current_state_reg[1]/C
                            (rising edge-triggered cell FDCE clocked by sys_clk  {rise@0.000ns fall@1.250ns period=2.500ns})
  Destination:            out_pixel[17]
                            (output port)
  Path Group:             (none)
  Path Type:              Max at Slow Process Corner
  Data Path Delay:        8.583ns  (logic 3.046ns (35.491%)  route 5.537ns (64.509%))
  Logic Levels:           3  (LUT3=1 LUT6=1 OBUF=1)
  Clock Uncertainty:      0.025ns  ((TSJ^2 + TIJ^2)^1/2 + DJ) / 2 + PE
    Total System Jitter     (TSJ):    0.050ns
    Total Input Jitter      (TIJ):    0.000ns
    Discrete Jitter          (DJ):    0.000ns
    Phase Error              (PE):    0.000ns
  Timing Exception:       False Path

    Location             Delay type                Incr(ns)  Path(ns)    Netlist Resource(s)
  -------------------------------------------------------------------    -------------------
                         (clock sys_clk rise edge)    0.000     0.000 r  <hidden>
    U7                                                0.000     0.000 r  clk
                         net (fo=0)                   0.000     0.000    clk
    U7                   IBUF (Prop_ibuf_I_O)         1.058     1.058 r  clk_IBUF_inst/O
                         net (fo=1, routed)           2.171     3.229    clk_IBUF
    BUFGCTRL_X0Y1        BUFG (Prop_bufg_I_O)         0.101     3.330 r  clk_IBUF_BUFG_inst_replica/O
                         net (fo=5, routed)           0.146     3.476    clk_IBUF_BUFG_repN
    BUFGCTRL_X0Y0        BUFG (Prop_bufg_I_O)         0.101     3.577 r  clk_IBUF_BUFG_inst/O
                         net (fo=127, routed)         1.791     5.368    controller_inst/clk_IBUF_BUFG
    SLICE_X101Y33        FDCE                                         r  controller_inst/FSM_sequential_current_state_reg[1]/C
  -------------------------------------------------------------------    -------------------
    SLICE_X101Y33        FDCE (Prop_fdce_C_Q)         0.456     5.824 r  controller_inst/FSM_sequential_current_state_reg[1]/Q
                         net (fo=14, routed)          1.301     7.126    controller_inst/Q[1]
    SLICE_X101Y31        LUT6 (Prop_lut6_I0_O)        0.124     7.250 r  controller_inst/data_valid_OBUF_inst_i_1/O
                         net (fo=20, routed)          1.690     8.940    genblk1[0].mac_pipeline_inst/data_valid_OBUF
    SLICE_X102Y49        LUT3 (Prop_lut3_I1_O)        0.148     9.088 r  genblk1[0].mac_pipeline_inst/out_pixel_OBUF[17]_inst_i_1/O
                         net (fo=1, routed)           2.546    11.633    out_pixel_OBUF[17]
    W20                  OBUF (Prop_obuf_I_O)         2.318    13.952 r  out_pixel_OBUF[17]_inst/O
                         net (fo=0)                   0.000    13.952    out_pixel[17]
    W20                                                               r  out_pixel[17]
  -------------------------------------------------------------------    -------------------

Slack:                    inf
  Source:                 controller_inst/FSM_sequential_current_state_reg[1]/C
                            (rising edge-triggered cell FDCE clocked by sys_clk  {rise@0.000ns fall@1.250ns period=2.500ns})
  Destination:            out_pixel[11]
                            (output port)
  Path Group:             (none)
  Path Type:              Max at Slow Process Corner
  Data Path Delay:        8.457ns  (logic 2.989ns (35.347%)  route 5.467ns (64.653%))
  Logic Levels:           3  (LUT3=1 LUT6=1 OBUF=1)
  Clock Uncertainty:      0.025ns  ((TSJ^2 + TIJ^2)^1/2 + DJ) / 2 + PE
    Total System Jitter     (TSJ):    0.050ns
    Total Input Jitter      (TIJ):    0.000ns
    Discrete Jitter          (DJ):    0.000ns
    Phase Error              (PE):    0.000ns
  Timing Exception:       False Path

    Location             Delay type                Incr(ns)  Path(ns)    Netlist Resource(s)
  -------------------------------------------------------------------    -------------------
                         (clock sys_clk rise edge)    0.000     0.000 r  <hidden>
    U7                                                0.000     0.000 r  clk
                         net (fo=0)                   0.000     0.000    clk
    U7                   IBUF (Prop_ibuf_I_O)         1.058     1.058 r  clk_IBUF_inst/O
                         net (fo=1, routed)           2.171     3.229    clk_IBUF
    BUFGCTRL_X0Y1        BUFG (Prop_bufg_I_O)         0.101     3.330 r  clk_IBUF_BUFG_inst_replica/O
                         net (fo=5, routed)           0.146     3.476    clk_IBUF_BUFG_repN
    BUFGCTRL_X0Y0        BUFG (Prop_bufg_I_O)         0.101     3.577 r  clk_IBUF_BUFG_inst/O
                         net (fo=127, routed)         1.791     5.368    controller_inst/clk_IBUF_BUFG
    SLICE_X101Y33        FDCE                                         r  controller_inst/FSM_sequential_current_state_reg[1]/C
  -------------------------------------------------------------------    -------------------
    SLICE_X101Y33        FDCE (Prop_fdce_C_Q)         0.456     5.824 r  controller_inst/FSM_sequential_current_state_reg[1]/Q
                         net (fo=14, routed)          1.301     7.126    controller_inst/Q[1]
    SLICE_X101Y31        LUT6 (Prop_lut6_I0_O)        0.124     7.250 r  controller_inst/data_valid_OBUF_inst_i_1/O
                         net (fo=20, routed)          1.818     9.068    genblk1[0].mac_pipeline_inst/data_valid_OBUF
    SLICE_X102Y48        LUT3 (Prop_lut3_I1_O)        0.146     9.214 r  genblk1[0].mac_pipeline_inst/out_pixel_OBUF[11]_inst_i_1/O
                         net (fo=1, routed)           2.348    11.562    out_pixel_OBUF[11]
    R17                  OBUF (Prop_obuf_I_O)         2.263    13.825 r  out_pixel_OBUF[11]_inst/O
                         net (fo=0)                   0.000    13.825    out_pixel[11]
    R17                                                               r  out_pixel[11]
  -------------------------------------------------------------------    -------------------

Slack:                    inf
  Source:                 controller_inst/FSM_sequential_current_state_reg[1]/C
                            (rising edge-triggered cell FDCE clocked by sys_clk  {rise@0.000ns fall@1.250ns period=2.500ns})
  Destination:            out_pixel[10]
                            (output port)
  Path Group:             (none)
  Path Type:              Max at Slow Process Corner
  Data Path Delay:        8.356ns  (logic 2.772ns (33.171%)  route 5.584ns (66.829%))
  Logic Levels:           3  (LUT3=1 LUT6=1 OBUF=1)
  Clock Uncertainty:      0.025ns  ((TSJ^2 + TIJ^2)^1/2 + DJ) / 2 + PE
    Total System Jitter     (TSJ):    0.050ns
    Total Input Jitter      (TIJ):    0.000ns
    Discrete Jitter          (DJ):    0.000ns
    Phase Error              (PE):    0.000ns
  Timing Exception:       False Path

    Location             Delay type                Incr(ns)  Path(ns)    Netlist Resource(s)
  -------------------------------------------------------------------    -------------------
                         (clock sys_clk rise edge)    0.000     0.000 r  <hidden>
    U7                                                0.000     0.000 r  clk
                         net (fo=0)                   0.000     0.000    clk
    U7                   IBUF (Prop_ibuf_I_O)         1.058     1.058 r  clk_IBUF_inst/O
                         net (fo=1, routed)           2.171     3.229    clk_IBUF
    BUFGCTRL_X0Y1        BUFG (Prop_bufg_I_O)         0.101     3.330 r  clk_IBUF_BUFG_inst_replica/O
                         net (fo=5, routed)           0.146     3.476    clk_IBUF_BUFG_repN
    BUFGCTRL_X0Y0        BUFG (Prop_bufg_I_O)         0.101     3.577 r  clk_IBUF_BUFG_inst/O
                         net (fo=127, routed)         1.791     5.368    controller_inst/clk_IBUF_BUFG
    SLICE_X101Y33        FDCE                                         r  controller_inst/FSM_sequential_current_state_reg[1]/C
  -------------------------------------------------------------------    -------------------
    SLICE_X101Y33        FDCE (Prop_fdce_C_Q)         0.456     5.824 r  controller_inst/FSM_sequential_current_state_reg[1]/Q
                         net (fo=14, routed)          1.301     7.126    controller_inst/Q[1]
    SLICE_X101Y31        LUT6 (Prop_lut6_I0_O)        0.124     7.250 r  controller_inst/data_valid_OBUF_inst_i_1/O
                         net (fo=20, routed)          1.818     9.068    genblk1[0].mac_pipeline_inst/data_valid_OBUF
    SLICE_X102Y48        LUT3 (Prop_lut3_I1_O)        0.124     9.192 r  genblk1[0].mac_pipeline_inst/out_pixel_OBUF[10]_inst_i_1/O
                         net (fo=1, routed)           2.464    11.657    out_pixel_OBUF[10]
    T17                  OBUF (Prop_obuf_I_O)         2.068    13.724 r  out_pixel_OBUF[10]_inst/O
                         net (fo=0)                   0.000    13.724    out_pixel[10]
    T17                                                               r  out_pixel[10]
  -------------------------------------------------------------------    -------------------

Slack:                    inf
  Source:                 controller_inst/FSM_sequential_current_state_reg[1]/C
                            (rising edge-triggered cell FDCE clocked by sys_clk  {rise@0.000ns fall@1.250ns period=2.500ns})
  Destination:            out_pixel[16]
                            (output port)
  Path Group:             (none)
  Path Type:              Max at Slow Process Corner
  Data Path Delay:        8.339ns  (logic 2.814ns (33.749%)  route 5.525ns (66.251%))
  Logic Levels:           3  (LUT3=1 LUT6=1 OBUF=1)
  Clock Uncertainty:      0.025ns  ((TSJ^2 + TIJ^2)^1/2 + DJ) / 2 + PE
    Total System Jitter     (TSJ):    0.050ns
    Total Input Jitter      (TIJ):    0.000ns
    Discrete Jitter          (DJ):    0.000ns
    Phase Error              (PE):    0.000ns
  Timing Exception:       False Path

    Location             Delay type                Incr(ns)  Path(ns)    Netlist Resource(s)
  -------------------------------------------------------------------    -------------------
                         (clock sys_clk rise edge)    0.000     0.000 r  <hidden>
    U7                                                0.000     0.000 r  clk
                         net (fo=0)                   0.000     0.000    clk
    U7                   IBUF (Prop_ibuf_I_O)         1.058     1.058 r  clk_IBUF_inst/O
                         net (fo=1, routed)           2.171     3.229    clk_IBUF
    BUFGCTRL_X0Y1        BUFG (Prop_bufg_I_O)         0.101     3.330 r  clk_IBUF_BUFG_inst_replica/O
                         net (fo=5, routed)           0.146     3.476    clk_IBUF_BUFG_repN
    BUFGCTRL_X0Y0        BUFG (Prop_bufg_I_O)         0.101     3.577 r  clk_IBUF_BUFG_inst/O
                         net (fo=127, routed)         1.791     5.368    controller_inst/clk_IBUF_BUFG
    SLICE_X101Y33        FDCE                                         r  controller_inst/FSM_sequential_current_state_reg[1]/C
  -------------------------------------------------------------------    -------------------
    SLICE_X101Y33        FDCE (Prop_fdce_C_Q)         0.456     5.824 r  controller_inst/FSM_sequential_current_state_reg[1]/Q
                         net (fo=14, routed)          1.301     7.126    controller_inst/Q[1]
    SLICE_X101Y31        LUT6 (Prop_lut6_I0_O)        0.124     7.250 r  controller_inst/data_valid_OBUF_inst_i_1/O
                         net (fo=20, routed)          1.690     8.940    genblk1[0].mac_pipeline_inst/data_valid_OBUF
    SLICE_X102Y49        LUT3 (Prop_lut3_I1_O)        0.124     9.064 r  genblk1[0].mac_pipeline_inst/out_pixel_OBUF[16]_inst_i_1/O
                         net (fo=1, routed)           2.534    11.597    out_pixel_OBUF[16]
    Y18                  OBUF (Prop_obuf_I_O)         2.110    13.708 r  out_pixel_OBUF[16]_inst/O
                         net (fo=0)                   0.000    13.708    out_pixel[16]
    Y18                                                               r  out_pixel[16]
  -------------------------------------------------------------------    -------------------

Slack:                    inf
  Source:                 controller_inst/FSM_sequential_current_state_reg[1]/C
                            (rising edge-triggered cell FDCE clocked by sys_clk  {rise@0.000ns fall@1.250ns period=2.500ns})
  Destination:            out_pixel[15]
                            (output port)
  Path Group:             (none)
  Path Type:              Max at Slow Process Corner
  Data Path Delay:        8.289ns  (logic 3.044ns (36.729%)  route 5.244ns (63.271%))
  Logic Levels:           3  (LUT3=1 LUT6=1 OBUF=1)
  Clock Uncertainty:      0.025ns  ((TSJ^2 + TIJ^2)^1/2 + DJ) / 2 + PE
    Total System Jitter     (TSJ):    0.050ns
    Total Input Jitter      (TIJ):    0.000ns
    Discrete Jitter          (DJ):    0.000ns
    Phase Error              (PE):    0.000ns
  Timing Exception:       False Path

    Location             Delay type                Incr(ns)  Path(ns)    Netlist Resource(s)
  -------------------------------------------------------------------    -------------------
                         (clock sys_clk rise edge)    0.000     0.000 r  <hidden>
    U7                                                0.000     0.000 r  clk
                         net (fo=0)                   0.000     0.000    clk
    U7                   IBUF (Prop_ibuf_I_O)         1.058     1.058 r  clk_IBUF_inst/O
                         net (fo=1, routed)           2.171     3.229    clk_IBUF
    BUFGCTRL_X0Y1        BUFG (Prop_bufg_I_O)         0.101     3.330 r  clk_IBUF_BUFG_inst_replica/O
                         net (fo=5, routed)           0.146     3.476    clk_IBUF_BUFG_repN
    BUFGCTRL_X0Y0        BUFG (Prop_bufg_I_O)         0.101     3.577 r  clk_IBUF_BUFG_inst/O
                         net (fo=127, routed)         1.791     5.368    controller_inst/clk_IBUF_BUFG
    SLICE_X101Y33        FDCE                                         r  controller_inst/FSM_sequential_current_state_reg[1]/C
  -------------------------------------------------------------------    -------------------
    SLICE_X101Y33        FDCE (Prop_fdce_C_Q)         0.456     5.824 r  controller_inst/FSM_sequential_current_state_reg[1]/Q
                         net (fo=14, routed)          1.301     7.126    controller_inst/Q[1]
    SLICE_X101Y31        LUT6 (Prop_lut6_I0_O)        0.124     7.250 r  controller_inst/data_valid_OBUF_inst_i_1/O
                         net (fo=20, routed)          1.405     8.655    genblk1[0].mac_pipeline_inst/data_valid_OBUF
    SLICE_X102Y48        LUT3 (Prop_lut3_I1_O)        0.153     8.808 r  genblk1[0].mac_pipeline_inst/out_pixel_OBUF[15]_inst_i_1/O
                         net (fo=1, routed)           2.537    11.346    out_pixel_OBUF[15]
    Y19                  OBUF (Prop_obuf_I_O)         2.311    13.657 r  out_pixel_OBUF[15]_inst/O
                         net (fo=0)                   0.000    13.657    out_pixel[15]
    Y19                                                               r  out_pixel[15]
  -------------------------------------------------------------------    -------------------

Slack:                    inf
  Source:                 controller_inst/FSM_sequential_current_state_reg[1]/C
                            (rising edge-triggered cell FDCE clocked by sys_clk  {rise@0.000ns fall@1.250ns period=2.500ns})
  Destination:            out_pixel[12]
                            (output port)
  Path Group:             (none)
  Path Type:              Max at Slow Process Corner
  Data Path Delay:        8.236ns  (logic 2.769ns (33.617%)  route 5.467ns (66.383%))
  Logic Levels:           3  (LUT3=1 LUT6=1 OBUF=1)
  Clock Uncertainty:      0.025ns  ((TSJ^2 + TIJ^2)^1/2 + DJ) / 2 + PE
    Total System Jitter     (TSJ):    0.050ns
    Total Input Jitter      (TIJ):    0.000ns
    Discrete Jitter          (DJ):    0.000ns
    Phase Error              (PE):    0.000ns
  Timing Exception:       False Path

    Location             Delay type                Incr(ns)  Path(ns)    Netlist Resource(s)
  -------------------------------------------------------------------    -------------------
                         (clock sys_clk rise edge)    0.000     0.000 r  <hidden>
    U7                                                0.000     0.000 r  clk
                         net (fo=0)                   0.000     0.000    clk
    U7                   IBUF (Prop_ibuf_I_O)         1.058     1.058 r  clk_IBUF_inst/O
                         net (fo=1, routed)           2.171     3.229    clk_IBUF
    BUFGCTRL_X0Y1        BUFG (Prop_bufg_I_O)         0.101     3.330 r  clk_IBUF_BUFG_inst_replica/O
                         net (fo=5, routed)           0.146     3.476    clk_IBUF_BUFG_repN
    BUFGCTRL_X0Y0        BUFG (Prop_bufg_I_O)         0.101     3.577 r  clk_IBUF_BUFG_inst/O
                         net (fo=127, routed)         1.791     5.368    controller_inst/clk_IBUF_BUFG
    SLICE_X101Y33        FDCE                                         r  controller_inst/FSM_sequential_current_state_reg[1]/C
  -------------------------------------------------------------------    -------------------
    SLICE_X101Y33        FDCE (Prop_fdce_C_Q)         0.456     5.824 r  controller_inst/FSM_sequential_current_state_reg[1]/Q
                         net (fo=14, routed)          1.301     7.126    controller_inst/Q[1]
    SLICE_X101Y31        LUT6 (Prop_lut6_I0_O)        0.124     7.250 r  controller_inst/data_valid_OBUF_inst_i_1/O
                         net (fo=20, routed)          1.810     9.060    genblk1[0].mac_pipeline_inst/data_valid_OBUF
    SLICE_X102Y48        LUT3 (Prop_lut3_I1_O)        0.124     9.184 r  genblk1[0].mac_pipeline_inst/out_pixel_OBUF[12]_inst_i_1/O
                         net (fo=1, routed)           2.356    11.540    out_pixel_OBUF[12]
    R16                  OBUF (Prop_obuf_I_O)         2.065    13.605 r  out_pixel_OBUF[12]_inst/O
                         net (fo=0)                   0.000    13.605    out_pixel[12]
    R16                                                               r  out_pixel[12]
  -------------------------------------------------------------------    -------------------

Slack:                    inf
  Source:                 controller_inst/FSM_sequential_current_state_reg[1]/C
                            (rising edge-triggered cell FDCE clocked by sys_clk  {rise@0.000ns fall@1.250ns period=2.500ns})
  Destination:            out_pixel[18]
                            (output port)
  Path Group:             (none)
  Path Type:              Max at Slow Process Corner
  Data Path Delay:        8.118ns  (logic 2.812ns (34.642%)  route 5.306ns (65.358%))
  Logic Levels:           3  (LUT3=1 LUT6=1 OBUF=1)
  Clock Uncertainty:      0.025ns  ((TSJ^2 + TIJ^2)^1/2 + DJ) / 2 + PE
    Total System Jitter     (TSJ):    0.050ns
    Total Input Jitter      (TIJ):    0.000ns
    Discrete Jitter          (DJ):    0.000ns
    Phase Error              (PE):    0.000ns
  Timing Exception:       False Path

    Location             Delay type                Incr(ns)  Path(ns)    Netlist Resource(s)
  -------------------------------------------------------------------    -------------------
                         (clock sys_clk rise edge)    0.000     0.000 r  <hidden>
    U7                                                0.000     0.000 r  clk
                         net (fo=0)                   0.000     0.000    clk
    U7                   IBUF (Prop_ibuf_I_O)         1.058     1.058 r  clk_IBUF_inst/O
                         net (fo=1, routed)           2.171     3.229    clk_IBUF
    BUFGCTRL_X0Y1        BUFG (Prop_bufg_I_O)         0.101     3.330 r  clk_IBUF_BUFG_inst_replica/O
                         net (fo=5, routed)           0.146     3.476    clk_IBUF_BUFG_repN
    BUFGCTRL_X0Y0        BUFG (Prop_bufg_I_O)         0.101     3.577 r  clk_IBUF_BUFG_inst/O
                         net (fo=127, routed)         1.791     5.368    controller_inst/clk_IBUF_BUFG
    SLICE_X101Y33        FDCE                                         r  controller_inst/FSM_sequential_current_state_reg[1]/C
  -------------------------------------------------------------------    -------------------
    SLICE_X101Y33        FDCE (Prop_fdce_C_Q)         0.456     5.824 r  controller_inst/FSM_sequential_current_state_reg[1]/Q
                         net (fo=14, routed)          1.301     7.126    controller_inst/Q[1]
    SLICE_X101Y31        LUT6 (Prop_lut6_I0_O)        0.124     7.250 r  controller_inst/data_valid_OBUF_inst_i_1/O
                         net (fo=20, routed)          1.606     8.856    genblk1[0].mac_pipeline_inst/data_valid_OBUF
    SLICE_X104Y49        LUT3 (Prop_lut3_I1_O)        0.124     8.980 r  genblk1[0].mac_pipeline_inst/out_pixel_OBUF[18]_inst_i_1/O
                         net (fo=1, routed)           2.398    11.378    out_pixel_OBUF[18]
    V20                  OBUF (Prop_obuf_I_O)         2.108    13.487 r  out_pixel_OBUF[18]_inst/O
                         net (fo=0)                   0.000    13.487    out_pixel[18]
    V20                                                               r  out_pixel[18]
  -------------------------------------------------------------------    -------------------

Slack:                    inf
  Source:                 controller_inst/FSM_sequential_current_state_reg[1]/C
                            (rising edge-triggered cell FDCE clocked by sys_clk  {rise@0.000ns fall@1.250ns period=2.500ns})
  Destination:            out_pixel[0]
                            (output port)
  Path Group:             (none)
  Path Type:              Max at Slow Process Corner
  Data Path Delay:        8.079ns  (logic 3.026ns (37.457%)  route 5.053ns (62.543%))
  Logic Levels:           3  (LUT3=1 LUT6=1 OBUF=1)
  Clock Uncertainty:      0.025ns  ((TSJ^2 + TIJ^2)^1/2 + DJ) / 2 + PE
    Total System Jitter     (TSJ):    0.050ns
    Total Input Jitter      (TIJ):    0.000ns
    Discrete Jitter          (DJ):    0.000ns
    Phase Error              (PE):    0.000ns
  Timing Exception:       False Path

    Location             Delay type                Incr(ns)  Path(ns)    Netlist Resource(s)
  -------------------------------------------------------------------    -------------------
                         (clock sys_clk rise edge)    0.000     0.000 r  <hidden>
    U7                                                0.000     0.000 r  clk
                         net (fo=0)                   0.000     0.000    clk
    U7                   IBUF (Prop_ibuf_I_O)         1.058     1.058 r  clk_IBUF_inst/O
                         net (fo=1, routed)           2.171     3.229    clk_IBUF
    BUFGCTRL_X0Y1        BUFG (Prop_bufg_I_O)         0.101     3.330 r  clk_IBUF_BUFG_inst_replica/O
                         net (fo=5, routed)           0.146     3.476    clk_IBUF_BUFG_repN
    BUFGCTRL_X0Y0        BUFG (Prop_bufg_I_O)         0.101     3.577 r  clk_IBUF_BUFG_inst/O
                         net (fo=127, routed)         1.791     5.368    controller_inst/clk_IBUF_BUFG
    SLICE_X101Y33        FDCE                                         r  controller_inst/FSM_sequential_current_state_reg[1]/C
  -------------------------------------------------------------------    -------------------
    SLICE_X101Y33        FDCE (Prop_fdce_C_Q)         0.456     5.824 r  controller_inst/FSM_sequential_current_state_reg[1]/Q
                         net (fo=14, routed)          1.301     7.126    controller_inst/Q[1]
    SLICE_X101Y31        LUT6 (Prop_lut6_I0_O)        0.124     7.250 r  controller_inst/data_valid_OBUF_inst_i_1/O
                         net (fo=20, routed)          1.688     8.938    genblk1[0].mac_pipeline_inst/data_valid_OBUF
    SLICE_X102Y49        LUT3 (Prop_lut3_I1_O)        0.150     9.088 r  genblk1[0].mac_pipeline_inst/out_pixel_OBUF[0]_inst_i_1/O
                         net (fo=1, routed)           2.064    11.151    out_pixel_OBUF[0]
    T19                  OBUF (Prop_obuf_I_O)         2.296    13.448 r  out_pixel_OBUF[0]_inst/O
                         net (fo=0)                   0.000    13.448    out_pixel[0]
    T19                                                               r  out_pixel[0]
  -------------------------------------------------------------------    -------------------





Min Delay Paths
--------------------------------------------------------------------------------------
Slack:                    inf
  Source:                 genblk1[0].mac_pipeline_inst/accumulation_stage_reg[9]/CLK
                            (rising edge-triggered cell DSP48E1 clocked by sys_clk  {rise@0.000ns fall@1.250ns period=2.500ns})
  Destination:            out_pixel[2]
                            (output port)
  Path Group:             (none)
  Path Type:              Min at Fast Process Corner
  Data Path Delay:        1.893ns  (logic 1.049ns (55.429%)  route 0.844ns (44.571%))
  Logic Levels:           2  (LUT3=1 OBUF=1)
  Clock Uncertainty:      0.025ns  ((TSJ^2 + TIJ^2)^1/2 + DJ) / 2 + PE
    Total System Jitter     (TSJ):    0.050ns
    Total Input Jitter      (TIJ):    0.000ns
    Discrete Jitter          (DJ):    0.000ns
    Phase Error              (PE):    0.000ns
  Timing Exception:       False Path

    Location             Delay type                Incr(ns)  Path(ns)    Netlist Resource(s)
  -------------------------------------------------------------------    -------------------
                         (clock sys_clk rise edge)    0.000     0.000 r  <hidden>
    U7                                                0.000     0.000 r  clk
                         net (fo=0)                   0.000     0.000    clk
    U7                   IBUF (Prop_ibuf_I_O)         0.286     0.286 r  clk_IBUF_inst/O
                         net (fo=1, routed)           0.663     0.949    clk_IBUF
    BUFGCTRL_X0Y1        BUFG (Prop_bufg_I_O)         0.026     0.975 r  clk_IBUF_BUFG_inst_replica/O
                         net (fo=5, routed)           0.030     1.005    clk_IBUF_BUFG_repN
    BUFGCTRL_X0Y0        BUFG (Prop_bufg_I_O)         0.026     1.031 r  clk_IBUF_BUFG_inst/O
                         net (fo=127, routed)         0.701     1.733    genblk1[0].mac_pipeline_inst/clk_IBUF_BUFG
    DSP48_X4Y18          DSP48E1                                      r  genblk1[0].mac_pipeline_inst/accumulation_stage_reg[9]/CLK
  -------------------------------------------------------------------    -------------------
    DSP48_X4Y18          DSP48E1 (Prop_dsp48e1_CLK_P[19])
                                                      0.126     1.859 f  genblk1[0].mac_pipeline_inst/accumulation_stage_reg[9]/P[19]
                         net (fo=19, routed)          0.286     2.144    genblk1[0].mac_pipeline_inst/accumulation_stage_reg_n_86_[9]
    SLICE_X102Y48        LUT3 (Prop_lut3_I2_O)        0.045     2.189 r  genblk1[0].mac_pipeline_inst/out_pixel_OBUF[2]_inst_i_1/O
                         net (fo=1, routed)           0.558     2.747    out_pixel_OBUF[2]
    P15                  OBUF (Prop_obuf_I_O)         0.878     3.626 r  out_pixel_OBUF[2]_inst/O
                         net (fo=0)                   0.000     3.626    out_pixel[2]
    P15                                                               r  out_pixel[2]
  -------------------------------------------------------------------    -------------------

Slack:                    inf
  Source:                 genblk1[0].mac_pipeline_inst/accumulation_stage_reg[9]/CLK
                            (rising edge-triggered cell DSP48E1 clocked by sys_clk  {rise@0.000ns fall@1.250ns period=2.500ns})
  Destination:            out_pixel[4]
                            (output port)
  Path Group:             (none)
  Path Type:              Min at Fast Process Corner
  Data Path Delay:        1.901ns  (logic 1.046ns (55.004%)  route 0.856ns (44.996%))
  Logic Levels:           2  (LUT3=1 OBUF=1)
  Clock Uncertainty:      0.025ns  ((TSJ^2 + TIJ^2)^1/2 + DJ) / 2 + PE
    Total System Jitter     (TSJ):    0.050ns
    Total Input Jitter      (TIJ):    0.000ns
    Discrete Jitter          (DJ):    0.000ns
    Phase Error              (PE):    0.000ns
  Timing Exception:       False Path

    Location             Delay type                Incr(ns)  Path(ns)    Netlist Resource(s)
  -------------------------------------------------------------------    -------------------
                         (clock sys_clk rise edge)    0.000     0.000 r  <hidden>
    U7                                                0.000     0.000 r  clk
                         net (fo=0)                   0.000     0.000    clk
    U7                   IBUF (Prop_ibuf_I_O)         0.286     0.286 r  clk_IBUF_inst/O
                         net (fo=1, routed)           0.663     0.949    clk_IBUF
    BUFGCTRL_X0Y1        BUFG (Prop_bufg_I_O)         0.026     0.975 r  clk_IBUF_BUFG_inst_replica/O
                         net (fo=5, routed)           0.030     1.005    clk_IBUF_BUFG_repN
    BUFGCTRL_X0Y0        BUFG (Prop_bufg_I_O)         0.026     1.031 r  clk_IBUF_BUFG_inst/O
                         net (fo=127, routed)         0.701     1.733    genblk1[0].mac_pipeline_inst/clk_IBUF_BUFG
    DSP48_X4Y18          DSP48E1                                      r  genblk1[0].mac_pipeline_inst/accumulation_stage_reg[9]/CLK
  -------------------------------------------------------------------    -------------------
    DSP48_X4Y18          DSP48E1 (Prop_dsp48e1_CLK_P[19])
                                                      0.126     1.859 f  genblk1[0].mac_pipeline_inst/accumulation_stage_reg[9]/P[19]
                         net (fo=19, routed)          0.294     2.153    genblk1[0].mac_pipeline_inst/accumulation_stage_reg_n_86_[9]
    SLICE_X104Y49        LUT3 (Prop_lut3_I2_O)        0.045     2.198 r  genblk1[0].mac_pipeline_inst/out_pixel_OBUF[4]_inst_i_1/O
                         net (fo=1, routed)           0.562     2.759    out_pixel_OBUF[4]
    N17                  OBUF (Prop_obuf_I_O)         0.875     3.634 r  out_pixel_OBUF[4]_inst/O
                         net (fo=0)                   0.000     3.634    out_pixel[4]
    N17                                                               r  out_pixel[4]
  -------------------------------------------------------------------    -------------------

Slack:                    inf
  Source:                 genblk1[0].mac_pipeline_inst/accumulation_stage_reg[9]/CLK
                            (rising edge-triggered cell DSP48E1 clocked by sys_clk  {rise@0.000ns fall@1.250ns period=2.500ns})
  Destination:            out_pixel[6]
                            (output port)
  Path Group:             (none)
  Path Type:              Min at Fast Process Corner
  Data Path Delay:        1.940ns  (logic 1.060ns (54.622%)  route 0.880ns (45.378%))
  Logic Levels:           2  (LUT3=1 OBUF=1)
  Clock Uncertainty:      0.025ns  ((TSJ^2 + TIJ^2)^1/2 + DJ) / 2 + PE
    Total System Jitter     (TSJ):    0.050ns
    Total Input Jitter      (TIJ):    0.000ns
    Discrete Jitter          (DJ):    0.000ns
    Phase Error              (PE):    0.000ns
  Timing Exception:       False Path

    Location             Delay type                Incr(ns)  Path(ns)    Netlist Resource(s)
  -------------------------------------------------------------------    -------------------
                         (clock sys_clk rise edge)    0.000     0.000 r  <hidden>
    U7                                                0.000     0.000 r  clk
                         net (fo=0)                   0.000     0.000    clk
    U7                   IBUF (Prop_ibuf_I_O)         0.286     0.286 r  clk_IBUF_inst/O
                         net (fo=1, routed)           0.663     0.949    clk_IBUF
    BUFGCTRL_X0Y1        BUFG (Prop_bufg_I_O)         0.026     0.975 r  clk_IBUF_BUFG_inst_replica/O
                         net (fo=5, routed)           0.030     1.005    clk_IBUF_BUFG_repN
    BUFGCTRL_X0Y0        BUFG (Prop_bufg_I_O)         0.026     1.031 r  clk_IBUF_BUFG_inst/O
                         net (fo=127, routed)         0.701     1.733    genblk1[0].mac_pipeline_inst/clk_IBUF_BUFG
    DSP48_X4Y18          DSP48E1                                      r  genblk1[0].mac_pipeline_inst/accumulation_stage_reg[9]/CLK
  -------------------------------------------------------------------    -------------------
    DSP48_X4Y18          DSP48E1 (Prop_dsp48e1_CLK_P[6])
                                                      0.126     1.859 r  genblk1[0].mac_pipeline_inst/accumulation_stage_reg[9]/P[6]
                         net (fo=1, routed)           0.308     2.166    genblk1[0].mac_pipeline_inst/accumulation_stage_reg_n_99_[9]
    SLICE_X102Y49        LUT3 (Prop_lut3_I0_O)        0.045     2.211 r  genblk1[0].mac_pipeline_inst/out_pixel_OBUF[6]_inst_i_1/O
                         net (fo=1, routed)           0.573     2.784    out_pixel_OBUF[6]
    W18                  OBUF (Prop_obuf_I_O)         0.889     3.673 r  out_pixel_OBUF[6]_inst/O
                         net (fo=0)                   0.000     3.673    out_pixel[6]
    W18                                                               r  out_pixel[6]
  -------------------------------------------------------------------    -------------------

Slack:                    inf
  Source:                 genblk1[0].mac_pipeline_inst/accumulation_stage_reg[9]/CLK
                            (rising edge-triggered cell DSP48E1 clocked by sys_clk  {rise@0.000ns fall@1.250ns period=2.500ns})
  Destination:            out_pixel[1]
                            (output port)
  Path Group:             (none)
  Path Type:              Min at Fast Process Corner
  Data Path Delay:        1.941ns  (logic 1.054ns (54.322%)  route 0.887ns (45.678%))
  Logic Levels:           2  (LUT3=1 OBUF=1)
  Clock Uncertainty:      0.025ns  ((TSJ^2 + TIJ^2)^1/2 + DJ) / 2 + PE
    Total System Jitter     (TSJ):    0.050ns
    Total Input Jitter      (TIJ):    0.000ns
    Discrete Jitter          (DJ):    0.000ns
    Phase Error              (PE):    0.000ns
  Timing Exception:       False Path

    Location             Delay type                Incr(ns)  Path(ns)    Netlist Resource(s)
  -------------------------------------------------------------------    -------------------
                         (clock sys_clk rise edge)    0.000     0.000 r  <hidden>
    U7                                                0.000     0.000 r  clk
                         net (fo=0)                   0.000     0.000    clk
    U7                   IBUF (Prop_ibuf_I_O)         0.286     0.286 r  clk_IBUF_inst/O
                         net (fo=1, routed)           0.663     0.949    clk_IBUF
    BUFGCTRL_X0Y1        BUFG (Prop_bufg_I_O)         0.026     0.975 r  clk_IBUF_BUFG_inst_replica/O
                         net (fo=5, routed)           0.030     1.005    clk_IBUF_BUFG_repN
    BUFGCTRL_X0Y0        BUFG (Prop_bufg_I_O)         0.026     1.031 r  clk_IBUF_BUFG_inst/O
                         net (fo=127, routed)         0.701     1.733    genblk1[0].mac_pipeline_inst/clk_IBUF_BUFG
    DSP48_X4Y18          DSP48E1                                      r  genblk1[0].mac_pipeline_inst/accumulation_stage_reg[9]/CLK
  -------------------------------------------------------------------    -------------------
    DSP48_X4Y18          DSP48E1 (Prop_dsp48e1_CLK_P[1])
                                                      0.126     1.859 r  genblk1[0].mac_pipeline_inst/accumulation_stage_reg[9]/P[1]
                         net (fo=1, routed)           0.342     2.201    genblk1[0].mac_pipeline_inst/accumulation_stage_reg_n_104_[9]
    SLICE_X102Y49        LUT3 (Prop_lut3_I0_O)        0.045     2.246 r  genblk1[0].mac_pipeline_inst/out_pixel_OBUF[1]_inst_i_1/O
                         net (fo=1, routed)           0.544     2.790    out_pixel_OBUF[1]
    P16                  OBUF (Prop_obuf_I_O)         0.883     3.673 r  out_pixel_OBUF[1]_inst/O
                         net (fo=0)                   0.000     3.673    out_pixel[1]
    P16                                                               r  out_pixel[1]
  -------------------------------------------------------------------    -------------------

Slack:                    inf
  Source:                 genblk1[0].mac_pipeline_inst/accumulation_stage_reg[9]/CLK
                            (rising edge-triggered cell DSP48E1 clocked by sys_clk  {rise@0.000ns fall@1.250ns period=2.500ns})
  Destination:            out_pixel[18]
                            (output port)
  Path Group:             (none)
  Path Type:              Min at Fast Process Corner
  Data Path Delay:        1.958ns  (logic 1.092ns (55.772%)  route 0.866ns (44.229%))
  Logic Levels:           2  (LUT3=1 OBUF=1)
  Clock Uncertainty:      0.025ns  ((TSJ^2 + TIJ^2)^1/2 + DJ) / 2 + PE
    Total System Jitter     (TSJ):    0.050ns
    Total Input Jitter      (TIJ):    0.000ns
    Discrete Jitter          (DJ):    0.000ns
    Phase Error              (PE):    0.000ns
  Timing Exception:       False Path

    Location             Delay type                Incr(ns)  Path(ns)    Netlist Resource(s)
  -------------------------------------------------------------------    -------------------
                         (clock sys_clk rise edge)    0.000     0.000 r  <hidden>
    U7                                                0.000     0.000 r  clk
                         net (fo=0)                   0.000     0.000    clk
    U7                   IBUF (Prop_ibuf_I_O)         0.286     0.286 r  clk_IBUF_inst/O
                         net (fo=1, routed)           0.663     0.949    clk_IBUF
    BUFGCTRL_X0Y1        BUFG (Prop_bufg_I_O)         0.026     0.975 r  clk_IBUF_BUFG_inst_replica/O
                         net (fo=5, routed)           0.030     1.005    clk_IBUF_BUFG_repN
    BUFGCTRL_X0Y0        BUFG (Prop_bufg_I_O)         0.026     1.031 r  clk_IBUF_BUFG_inst/O
                         net (fo=127, routed)         0.701     1.733    genblk1[0].mac_pipeline_inst/clk_IBUF_BUFG
    DSP48_X4Y18          DSP48E1                                      r  genblk1[0].mac_pipeline_inst/accumulation_stage_reg[9]/CLK
  -------------------------------------------------------------------    -------------------
    DSP48_X4Y18          DSP48E1 (Prop_dsp48e1_CLK_P[18])
                                                      0.126     1.859 r  genblk1[0].mac_pipeline_inst/accumulation_stage_reg[9]/P[18]
                         net (fo=1, routed)           0.180     2.038    genblk1[0].mac_pipeline_inst/accumulation_stage_reg_n_87_[9]
    SLICE_X104Y49        LUT3 (Prop_lut3_I0_O)        0.045     2.083 r  genblk1[0].mac_pipeline_inst/out_pixel_OBUF[18]_inst_i_1/O
                         net (fo=1, routed)           0.686     2.769    out_pixel_OBUF[18]
    V20                  OBUF (Prop_obuf_I_O)         0.921     3.690 r  out_pixel_OBUF[18]_inst/O
                         net (fo=0)                   0.000     3.690    out_pixel[18]
    V20                                                               r  out_pixel[18]
  -------------------------------------------------------------------    -------------------

Slack:                    inf
  Source:                 genblk1[0].mac_pipeline_inst/accumulation_stage_reg[9]/CLK
                            (rising edge-triggered cell DSP48E1 clocked by sys_clk  {rise@0.000ns fall@1.250ns period=2.500ns})
  Destination:            out_pixel[3]
                            (output port)
  Path Group:             (none)
  Path Type:              Min at Fast Process Corner
  Data Path Delay:        1.958ns  (logic 1.104ns (56.364%)  route 0.855ns (43.636%))
  Logic Levels:           2  (LUT3=1 OBUF=1)
  Clock Uncertainty:      0.025ns  ((TSJ^2 + TIJ^2)^1/2 + DJ) / 2 + PE
    Total System Jitter     (TSJ):    0.050ns
    Total Input Jitter      (TIJ):    0.000ns
    Discrete Jitter          (DJ):    0.000ns
    Phase Error              (PE):    0.000ns
  Timing Exception:       False Path

    Location             Delay type                Incr(ns)  Path(ns)    Netlist Resource(s)
  -------------------------------------------------------------------    -------------------
                         (clock sys_clk rise edge)    0.000     0.000 r  <hidden>
    U7                                                0.000     0.000 r  clk
                         net (fo=0)                   0.000     0.000    clk
    U7                   IBUF (Prop_ibuf_I_O)         0.286     0.286 r  clk_IBUF_inst/O
                         net (fo=1, routed)           0.663     0.949    clk_IBUF
    BUFGCTRL_X0Y1        BUFG (Prop_bufg_I_O)         0.026     0.975 r  clk_IBUF_BUFG_inst_replica/O
                         net (fo=5, routed)           0.030     1.005    clk_IBUF_BUFG_repN
    BUFGCTRL_X0Y0        BUFG (Prop_bufg_I_O)         0.026     1.031 r  clk_IBUF_BUFG_inst/O
                         net (fo=127, routed)         0.701     1.733    genblk1[0].mac_pipeline_inst/clk_IBUF_BUFG
    DSP48_X4Y18          DSP48E1                                      r  genblk1[0].mac_pipeline_inst/accumulation_stage_reg[9]/CLK
  -------------------------------------------------------------------    -------------------
    DSP48_X4Y18          DSP48E1 (Prop_dsp48e1_CLK_P[19])
                                                      0.126     1.859 f  genblk1[0].mac_pipeline_inst/accumulation_stage_reg[9]/P[19]
                         net (fo=19, routed)          0.286     2.144    genblk1[0].mac_pipeline_inst/accumulation_stage_reg_n_86_[9]
    SLICE_X102Y48        LUT3 (Prop_lut3_I2_O)        0.044     2.188 r  genblk1[0].mac_pipeline_inst/out_pixel_OBUF[3]_inst_i_1/O
                         net (fo=1, routed)           0.569     2.757    out_pixel_OBUF[3]
    P18                  OBUF (Prop_obuf_I_O)         0.934     3.691 r  out_pixel_OBUF[3]_inst/O
                         net (fo=0)                   0.000     3.691    out_pixel[3]
    P18                                                               r  out_pixel[3]
  -------------------------------------------------------------------    -------------------

Slack:                    inf
  Source:                 genblk1[0].mac_pipeline_inst/accumulation_stage_reg[9]/CLK
                            (rising edge-triggered cell DSP48E1 clocked by sys_clk  {rise@0.000ns fall@1.250ns period=2.500ns})
  Destination:            out_pixel[12]
                            (output port)
  Path Group:             (none)
  Path Type:              Min at Fast Process Corner
  Data Path Delay:        1.979ns  (logic 1.049ns (52.996%)  route 0.930ns (47.004%))
  Logic Levels:           2  (LUT3=1 OBUF=1)
  Clock Uncertainty:      0.025ns  ((TSJ^2 + TIJ^2)^1/2 + DJ) / 2 + PE
    Total System Jitter     (TSJ):    0.050ns
    Total Input Jitter      (TIJ):    0.000ns
    Discrete Jitter          (DJ):    0.000ns
    Phase Error              (PE):    0.000ns
  Timing Exception:       False Path

    Location             Delay type                Incr(ns)  Path(ns)    Netlist Resource(s)
  -------------------------------------------------------------------    -------------------
                         (clock sys_clk rise edge)    0.000     0.000 r  <hidden>
    U7                                                0.000     0.000 r  clk
                         net (fo=0)                   0.000     0.000    clk
    U7                   IBUF (Prop_ibuf_I_O)         0.286     0.286 r  clk_IBUF_inst/O
                         net (fo=1, routed)           0.663     0.949    clk_IBUF
    BUFGCTRL_X0Y1        BUFG (Prop_bufg_I_O)         0.026     0.975 r  clk_IBUF_BUFG_inst_replica/O
                         net (fo=5, routed)           0.030     1.005    clk_IBUF_BUFG_repN
    BUFGCTRL_X0Y0        BUFG (Prop_bufg_I_O)         0.026     1.031 r  clk_IBUF_BUFG_inst/O
                         net (fo=127, routed)         0.701     1.733    genblk1[0].mac_pipeline_inst/clk_IBUF_BUFG
    DSP48_X4Y18          DSP48E1                                      r  genblk1[0].mac_pipeline_inst/accumulation_stage_reg[9]/CLK
  -------------------------------------------------------------------    -------------------
    DSP48_X4Y18          DSP48E1 (Prop_dsp48e1_CLK_P[12])
                                                      0.126     1.859 r  genblk1[0].mac_pipeline_inst/accumulation_stage_reg[9]/P[12]
                         net (fo=1, routed)           0.249     2.108    genblk1[0].mac_pipeline_inst/accumulation_stage_reg_n_93_[9]
    SLICE_X102Y48        LUT3 (Prop_lut3_I0_O)        0.045     2.153 r  genblk1[0].mac_pipeline_inst/out_pixel_OBUF[12]_inst_i_1/O
                         net (fo=1, routed)           0.681     2.834    out_pixel_OBUF[12]
    R16                  OBUF (Prop_obuf_I_O)         0.878     3.711 r  out_pixel_OBUF[12]_inst/O
                         net (fo=0)                   0.000     3.711    out_pixel[12]
    R16                                                               r  out_pixel[12]
  -------------------------------------------------------------------    -------------------

Slack:                    inf
  Source:                 genblk1[0].mac_pipeline_inst/accumulation_stage_reg[9]/CLK
                            (rising edge-triggered cell DSP48E1 clocked by sys_clk  {rise@0.000ns fall@1.250ns period=2.500ns})
  Destination:            out_pixel[5]
                            (output port)
  Path Group:             (none)
  Path Type:              Min at Fast Process Corner
  Data Path Delay:        1.986ns  (logic 1.125ns (56.676%)  route 0.860ns (43.324%))
  Logic Levels:           2  (LUT3=1 OBUF=1)
  Clock Uncertainty:      0.025ns  ((TSJ^2 + TIJ^2)^1/2 + DJ) / 2 + PE
    Total System Jitter     (TSJ):    0.050ns
    Total Input Jitter      (TIJ):    0.000ns
    Discrete Jitter          (DJ):    0.000ns
    Phase Error              (PE):    0.000ns
  Timing Exception:       False Path

    Location             Delay type                Incr(ns)  Path(ns)    Netlist Resource(s)
  -------------------------------------------------------------------    -------------------
                         (clock sys_clk rise edge)    0.000     0.000 r  <hidden>
    U7                                                0.000     0.000 r  clk
                         net (fo=0)                   0.000     0.000    clk
    U7                   IBUF (Prop_ibuf_I_O)         0.286     0.286 r  clk_IBUF_inst/O
                         net (fo=1, routed)           0.663     0.949    clk_IBUF
    BUFGCTRL_X0Y1        BUFG (Prop_bufg_I_O)         0.026     0.975 r  clk_IBUF_BUFG_inst_replica/O
                         net (fo=5, routed)           0.030     1.005    clk_IBUF_BUFG_repN
    BUFGCTRL_X0Y0        BUFG (Prop_bufg_I_O)         0.026     1.031 r  clk_IBUF_BUFG_inst/O
                         net (fo=127, routed)         0.701     1.733    genblk1[0].mac_pipeline_inst/clk_IBUF_BUFG
    DSP48_X4Y18          DSP48E1                                      r  genblk1[0].mac_pipeline_inst/accumulation_stage_reg[9]/CLK
  -------------------------------------------------------------------    -------------------
    DSP48_X4Y18          DSP48E1 (Prop_dsp48e1_CLK_P[19])
                                                      0.126     1.859 f  genblk1[0].mac_pipeline_inst/accumulation_stage_reg[9]/P[19]
                         net (fo=19, routed)          0.294     2.153    genblk1[0].mac_pipeline_inst/accumulation_stage_reg_n_86_[9]
    SLICE_X104Y49        LUT3 (Prop_lut3_I2_O)        0.048     2.201 r  genblk1[0].mac_pipeline_inst/out_pixel_OBUF[5]_inst_i_1/O
                         net (fo=1, routed)           0.566     2.767    out_pixel_OBUF[5]
    W19                  OBUF (Prop_obuf_I_O)         0.951     3.718 r  out_pixel_OBUF[5]_inst/O
                         net (fo=0)                   0.000     3.718    out_pixel[5]
    W19                                                               r  out_pixel[5]
  -------------------------------------------------------------------    -------------------

Slack:                    inf
  Source:                 genblk1[0].mac_pipeline_inst/accumulation_stage_reg[9]/CLK
                            (rising edge-triggered cell DSP48E1 clocked by sys_clk  {rise@0.000ns fall@1.250ns period=2.500ns})
  Destination:            out_pixel[14]
                            (output port)
  Path Group:             (none)
  Path Type:              Min at Fast Process Corner
  Data Path Delay:        2.001ns  (logic 1.068ns (53.360%)  route 0.933ns (46.640%))
  Logic Levels:           2  (LUT3=1 OBUF=1)
  Clock Uncertainty:      0.025ns  ((TSJ^2 + TIJ^2)^1/2 + DJ) / 2 + PE
    Total System Jitter     (TSJ):    0.050ns
    Total Input Jitter      (TIJ):    0.000ns
    Discrete Jitter          (DJ):    0.000ns
    Phase Error              (PE):    0.000ns
  Timing Exception:       False Path

    Location             Delay type                Incr(ns)  Path(ns)    Netlist Resource(s)
  -------------------------------------------------------------------    -------------------
                         (clock sys_clk rise edge)    0.000     0.000 r  <hidden>
    U7                                                0.000     0.000 r  clk
                         net (fo=0)                   0.000     0.000    clk
    U7                   IBUF (Prop_ibuf_I_O)         0.286     0.286 r  clk_IBUF_inst/O
                         net (fo=1, routed)           0.663     0.949    clk_IBUF
    BUFGCTRL_X0Y1        BUFG (Prop_bufg_I_O)         0.026     0.975 r  clk_IBUF_BUFG_inst_replica/O
                         net (fo=5, routed)           0.030     1.005    clk_IBUF_BUFG_repN
    BUFGCTRL_X0Y0        BUFG (Prop_bufg_I_O)         0.026     1.031 r  clk_IBUF_BUFG_inst/O
                         net (fo=127, routed)         0.701     1.733    genblk1[0].mac_pipeline_inst/clk_IBUF_BUFG
    DSP48_X4Y18          DSP48E1                                      r  genblk1[0].mac_pipeline_inst/accumulation_stage_reg[9]/CLK
  -------------------------------------------------------------------    -------------------
    DSP48_X4Y18          DSP48E1 (Prop_dsp48e1_CLK_P[14])
                                                      0.126     1.859 r  genblk1[0].mac_pipeline_inst/accumulation_stage_reg[9]/P[14]
                         net (fo=1, routed)           0.200     2.059    genblk1[0].mac_pipeline_inst/accumulation_stage_reg_n_91_[9]
    SLICE_X102Y48        LUT3 (Prop_lut3_I0_O)        0.045     2.104 r  genblk1[0].mac_pipeline_inst/out_pixel_OBUF[14]_inst_i_1/O
                         net (fo=1, routed)           0.733     2.837    out_pixel_OBUF[14]
    V16                  OBUF (Prop_obuf_I_O)         0.897     3.734 r  out_pixel_OBUF[14]_inst/O
                         net (fo=0)                   0.000     3.734    out_pixel[14]
    V16                                                               r  out_pixel[14]
  -------------------------------------------------------------------    -------------------

Slack:                    inf
  Source:                 genblk1[0].mac_pipeline_inst/accumulation_stage_reg[9]/CLK
                            (rising edge-triggered cell DSP48E1 clocked by sys_clk  {rise@0.000ns fall@1.250ns period=2.500ns})
  Destination:            out_pixel[8]
                            (output port)
  Path Group:             (none)
  Path Type:              Min at Fast Process Corner
  Data Path Delay:        2.013ns  (logic 1.080ns (53.668%)  route 0.933ns (46.332%))
  Logic Levels:           2  (LUT3=1 OBUF=1)
  Clock Uncertainty:      0.025ns  ((TSJ^2 + TIJ^2)^1/2 + DJ) / 2 + PE
    Total System Jitter     (TSJ):    0.050ns
    Total Input Jitter      (TIJ):    0.000ns
    Discrete Jitter          (DJ):    0.000ns
    Phase Error              (PE):    0.000ns
  Timing Exception:       False Path

    Location             Delay type                Incr(ns)  Path(ns)    Netlist Resource(s)
  -------------------------------------------------------------------    -------------------
                         (clock sys_clk rise edge)    0.000     0.000 r  <hidden>
    U7                                                0.000     0.000 r  clk
                         net (fo=0)                   0.000     0.000    clk
    U7                   IBUF (Prop_ibuf_I_O)         0.286     0.286 r  clk_IBUF_inst/O
                         net (fo=1, routed)           0.663     0.949    clk_IBUF
    BUFGCTRL_X0Y1        BUFG (Prop_bufg_I_O)         0.026     0.975 r  clk_IBUF_BUFG_inst_replica/O
                         net (fo=5, routed)           0.030     1.005    clk_IBUF_BUFG_repN
    BUFGCTRL_X0Y0        BUFG (Prop_bufg_I_O)         0.026     1.031 r  clk_IBUF_BUFG_inst/O
                         net (fo=127, routed)         0.701     1.733    genblk1[0].mac_pipeline_inst/clk_IBUF_BUFG
    DSP48_X4Y18          DSP48E1                                      r  genblk1[0].mac_pipeline_inst/accumulation_stage_reg[9]/CLK
  -------------------------------------------------------------------    -------------------
    DSP48_X4Y18          DSP48E1 (Prop_dsp48e1_CLK_P[8])
                                                      0.126     1.859 r  genblk1[0].mac_pipeline_inst/accumulation_stage_reg[9]/P[8]
                         net (fo=1, routed)           0.292     2.151    genblk1[0].mac_pipeline_inst/accumulation_stage_reg_n_97_[9]
    SLICE_X102Y49        LUT3 (Prop_lut3_I0_O)        0.045     2.196 r  genblk1[0].mac_pipeline_inst/out_pixel_OBUF[8]_inst_i_1/O
                         net (fo=1, routed)           0.640     2.836    out_pixel_OBUF[8]
    V17                  OBUF (Prop_obuf_I_O)         0.909     3.746 r  out_pixel_OBUF[8]_inst/O
                         net (fo=0)                   0.000     3.746    out_pixel[8]
    V17                                                               r  out_pixel[8]
  -------------------------------------------------------------------    -------------------





--------------------------------------------------------------------------------------
Path Group:  (none)
From Clock:  
  To Clock:  sys_clk

Max Delay           233 Endpoints
Min Delay           233 Endpoints
--------------------------------------------------------------------------------------


Max Delay Paths
--------------------------------------------------------------------------------------
Slack:                    inf
  Source:                 rst
                            (input port)
  Destination:            controller_inst/FSM_sequential_current_state_reg[0]/PRE
                            (recovery check against rising-edge clock sys_clk  {rise@0.000ns fall@1.250ns period=2.500ns})
  Path Group:             (none)
  Path Type:              Recovery (Max at Slow Process Corner)
  Data Path Delay:        7.725ns  (logic 1.128ns (14.600%)  route 6.597ns (85.400%))
  Logic Levels:           2  (IBUF=1 LUT1=1)
  Clock Path Skew:        4.826ns (DCD - SCD + CPR)
    Destination Clock Delay (DCD):    4.826ns
    Source Clock Delay      (SCD):    0.000ns
    Clock Pessimism Removal (CPR):    0.000ns
  Clock Uncertainty:      0.025ns  ((TSJ^2 + TIJ^2)^1/2 + DJ) / 2 + PE
    Total System Jitter     (TSJ):    0.050ns
    Total Input Jitter      (TIJ):    0.000ns
    Discrete Jitter          (DJ):    0.000ns
    Phase Error              (PE):    0.000ns
  Timing Exception:       False Path

    Location             Delay type                Incr(ns)  Path(ns)    Netlist Resource(s)
  -------------------------------------------------------------------    -------------------
    U8                                                0.000     0.000 r  rst
                         net (fo=0)                   0.000     0.000    rst
    U8                   IBUF (Prop_ibuf_I_O)         1.004     1.004 r  rst_IBUF_inst/O
                         net (fo=1, routed)           4.690     5.694    controller_inst/rst_IBUF
    SLICE_X100Y27        LUT1 (Prop_lut1_I0_O)        0.124     5.818 f  controller_inst/FSM_sequential_current_state[1]_i_2/O
                         net (fo=14, routed)          1.907     7.725    controller_inst/FSM_sequential_current_state[1]_i_2_n_0
    SLICE_X103Y33        FDPE                                         f  controller_inst/FSM_sequential_current_state_reg[0]/PRE
  -------------------------------------------------------------------    -------------------

                         (clock sys_clk rise edge)    0.000     0.000 r  <hidden>
    U7                                                0.000     0.000 r  clk
                         net (fo=0)                   0.000     0.000    clk
    U7                   IBUF (Prop_ibuf_I_O)         0.924     0.924 r  clk_IBUF_inst/O
                         net (fo=1, routed)           1.972     2.896    clk_IBUF
    BUFGCTRL_X0Y1        BUFG (Prop_bufg_I_O)         0.091     2.987 r  clk_IBUF_BUFG_inst_replica/O
                         net (fo=5, routed)           0.133     3.120    clk_IBUF_BUFG_repN
    BUFGCTRL_X0Y0        BUFG (Prop_bufg_I_O)         0.091     3.211 r  clk_IBUF_BUFG_inst/O
                         net (fo=127, routed)         1.615     4.826    controller_inst/clk_IBUF_BUFG
    SLICE_X103Y33        FDPE                                         r  controller_inst/FSM_sequential_current_state_reg[0]/C

Slack:                    inf
  Source:                 rst
                            (input port)
  Destination:            controller_inst/compute_counter_reg[5]/CLR
                            (recovery check against rising-edge clock sys_clk  {rise@0.000ns fall@1.250ns period=2.500ns})
  Path Group:             (none)
  Path Type:              Recovery (Max at Slow Process Corner)
  Data Path Delay:        7.436ns  (logic 1.128ns (15.168%)  route 6.308ns (84.832%))
  Logic Levels:           2  (IBUF=1 LUT1=1)
  Clock Path Skew:        4.825ns (DCD - SCD + CPR)
    Destination Clock Delay (DCD):    4.825ns
    Source Clock Delay      (SCD):    0.000ns
    Clock Pessimism Removal (CPR):    0.000ns
  Clock Uncertainty:      0.025ns  ((TSJ^2 + TIJ^2)^1/2 + DJ) / 2 + PE
    Total System Jitter     (TSJ):    0.050ns
    Total Input Jitter      (TIJ):    0.000ns
    Discrete Jitter          (DJ):    0.000ns
    Phase Error              (PE):    0.000ns
  Timing Exception:       False Path

    Location             Delay type                Incr(ns)  Path(ns)    Netlist Resource(s)
  -------------------------------------------------------------------    -------------------
    U8                                                0.000     0.000 r  rst
                         net (fo=0)                   0.000     0.000    rst
    U8                   IBUF (Prop_ibuf_I_O)         1.004     1.004 r  rst_IBUF_inst/O
                         net (fo=1, routed)           4.690     5.694    controller_inst/rst_IBUF
    SLICE_X100Y27        LUT1 (Prop_lut1_I0_O)        0.124     5.818 f  controller_inst/FSM_sequential_current_state[1]_i_2/O
                         net (fo=14, routed)          1.618     7.436    controller_inst/FSM_sequential_current_state[1]_i_2_n_0
    SLICE_X101Y32        FDCE                                         f  controller_inst/compute_counter_reg[5]/CLR
  -------------------------------------------------------------------    -------------------

                         (clock sys_clk rise edge)    0.000     0.000 r  <hidden>
    U7                                                0.000     0.000 r  clk
                         net (fo=0)                   0.000     0.000    clk
    U7                   IBUF (Prop_ibuf_I_O)         0.924     0.924 r  clk_IBUF_inst/O
                         net (fo=1, routed)           1.972     2.896    clk_IBUF
    BUFGCTRL_X0Y1        BUFG (Prop_bufg_I_O)         0.091     2.987 r  clk_IBUF_BUFG_inst_replica/O
                         net (fo=5, routed)           0.133     3.120    clk_IBUF_BUFG_repN
    BUFGCTRL_X0Y0        BUFG (Prop_bufg_I_O)         0.091     3.211 r  clk_IBUF_BUFG_inst/O
                         net (fo=127, routed)         1.614     4.825    controller_inst/clk_IBUF_BUFG
    SLICE_X101Y32        FDCE                                         r  controller_inst/compute_counter_reg[5]/C

Slack:                    inf
  Source:                 rst
                            (input port)
  Destination:            controller_inst/compute_counter_reg[6]/CLR
                            (recovery check against rising-edge clock sys_clk  {rise@0.000ns fall@1.250ns period=2.500ns})
  Path Group:             (none)
  Path Type:              Recovery (Max at Slow Process Corner)
  Data Path Delay:        7.436ns  (logic 1.128ns (15.168%)  route 6.308ns (84.832%))
  Logic Levels:           2  (IBUF=1 LUT1=1)
  Clock Path Skew:        4.825ns (DCD - SCD + CPR)
    Destination Clock Delay (DCD):    4.825ns
    Source Clock Delay      (SCD):    0.000ns
    Clock Pessimism Removal (CPR):    0.000ns
  Clock Uncertainty:      0.025ns  ((TSJ^2 + TIJ^2)^1/2 + DJ) / 2 + PE
    Total System Jitter     (TSJ):    0.050ns
    Total Input Jitter      (TIJ):    0.000ns
    Discrete Jitter          (DJ):    0.000ns
    Phase Error              (PE):    0.000ns
  Timing Exception:       False Path

    Location             Delay type                Incr(ns)  Path(ns)    Netlist Resource(s)
  -------------------------------------------------------------------    -------------------
    U8                                                0.000     0.000 r  rst
                         net (fo=0)                   0.000     0.000    rst
    U8                   IBUF (Prop_ibuf_I_O)         1.004     1.004 r  rst_IBUF_inst/O
                         net (fo=1, routed)           4.690     5.694    controller_inst/rst_IBUF
    SLICE_X100Y27        LUT1 (Prop_lut1_I0_O)        0.124     5.818 f  controller_inst/FSM_sequential_current_state[1]_i_2/O
                         net (fo=14, routed)          1.618     7.436    controller_inst/FSM_sequential_current_state[1]_i_2_n_0
    SLICE_X101Y32        FDCE                                         f  controller_inst/compute_counter_reg[6]/CLR
  -------------------------------------------------------------------    -------------------

                         (clock sys_clk rise edge)    0.000     0.000 r  <hidden>
    U7                                                0.000     0.000 r  clk
                         net (fo=0)                   0.000     0.000    clk
    U7                   IBUF (Prop_ibuf_I_O)         0.924     0.924 r  clk_IBUF_inst/O
                         net (fo=1, routed)           1.972     2.896    clk_IBUF
    BUFGCTRL_X0Y1        BUFG (Prop_bufg_I_O)         0.091     2.987 r  clk_IBUF_BUFG_inst_replica/O
                         net (fo=5, routed)           0.133     3.120    clk_IBUF_BUFG_repN
    BUFGCTRL_X0Y0        BUFG (Prop_bufg_I_O)         0.091     3.211 r  clk_IBUF_BUFG_inst/O
                         net (fo=127, routed)         1.614     4.825    controller_inst/clk_IBUF_BUFG
    SLICE_X101Y32        FDCE                                         r  controller_inst/compute_counter_reg[6]/C

Slack:                    inf
  Source:                 rst
                            (input port)
  Destination:            controller_inst/flush_counter_reg[0]/CLR
                            (recovery check against rising-edge clock sys_clk  {rise@0.000ns fall@1.250ns period=2.500ns})
  Path Group:             (none)
  Path Type:              Recovery (Max at Slow Process Corner)
  Data Path Delay:        7.436ns  (logic 1.128ns (15.168%)  route 6.308ns (84.832%))
  Logic Levels:           2  (IBUF=1 LUT1=1)
  Clock Path Skew:        4.825ns (DCD - SCD + CPR)
    Destination Clock Delay (DCD):    4.825ns
    Source Clock Delay      (SCD):    0.000ns
    Clock Pessimism Removal (CPR):    0.000ns
  Clock Uncertainty:      0.025ns  ((TSJ^2 + TIJ^2)^1/2 + DJ) / 2 + PE
    Total System Jitter     (TSJ):    0.050ns
    Total Input Jitter      (TIJ):    0.000ns
    Discrete Jitter          (DJ):    0.000ns
    Phase Error              (PE):    0.000ns
  Timing Exception:       False Path

    Location             Delay type                Incr(ns)  Path(ns)    Netlist Resource(s)
  -------------------------------------------------------------------    -------------------
    U8                                                0.000     0.000 r  rst
                         net (fo=0)                   0.000     0.000    rst
    U8                   IBUF (Prop_ibuf_I_O)         1.004     1.004 r  rst_IBUF_inst/O
                         net (fo=1, routed)           4.690     5.694    controller_inst/rst_IBUF
    SLICE_X100Y27        LUT1 (Prop_lut1_I0_O)        0.124     5.818 f  controller_inst/FSM_sequential_current_state[1]_i_2/O
                         net (fo=14, routed)          1.618     7.436    controller_inst/FSM_sequential_current_state[1]_i_2_n_0
    SLICE_X100Y32        FDCE                                         f  controller_inst/flush_counter_reg[0]/CLR
  -------------------------------------------------------------------    -------------------

                         (clock sys_clk rise edge)    0.000     0.000 r  <hidden>
    U7                                                0.000     0.000 r  clk
                         net (fo=0)                   0.000     0.000    clk
    U7                   IBUF (Prop_ibuf_I_O)         0.924     0.924 r  clk_IBUF_inst/O
                         net (fo=1, routed)           1.972     2.896    clk_IBUF
    BUFGCTRL_X0Y1        BUFG (Prop_bufg_I_O)         0.091     2.987 r  clk_IBUF_BUFG_inst_replica/O
                         net (fo=5, routed)           0.133     3.120    clk_IBUF_BUFG_repN
    BUFGCTRL_X0Y0        BUFG (Prop_bufg_I_O)         0.091     3.211 r  clk_IBUF_BUFG_inst/O
                         net (fo=127, routed)         1.614     4.825    controller_inst/clk_IBUF_BUFG
    SLICE_X100Y32        FDCE                                         r  controller_inst/flush_counter_reg[0]/C

Slack:                    inf
  Source:                 rst
                            (input port)
  Destination:            controller_inst/flush_counter_reg[1]/CLR
                            (recovery check against rising-edge clock sys_clk  {rise@0.000ns fall@1.250ns period=2.500ns})
  Path Group:             (none)
  Path Type:              Recovery (Max at Slow Process Corner)
  Data Path Delay:        7.436ns  (logic 1.128ns (15.168%)  route 6.308ns (84.832%))
  Logic Levels:           2  (IBUF=1 LUT1=1)
  Clock Path Skew:        4.825ns (DCD - SCD + CPR)
    Destination Clock Delay (DCD):    4.825ns
    Source Clock Delay      (SCD):    0.000ns
    Clock Pessimism Removal (CPR):    0.000ns
  Clock Uncertainty:      0.025ns  ((TSJ^2 + TIJ^2)^1/2 + DJ) / 2 + PE
    Total System Jitter     (TSJ):    0.050ns
    Total Input Jitter      (TIJ):    0.000ns
    Discrete Jitter          (DJ):    0.000ns
    Phase Error              (PE):    0.000ns
  Timing Exception:       False Path

    Location             Delay type                Incr(ns)  Path(ns)    Netlist Resource(s)
  -------------------------------------------------------------------    -------------------
    U8                                                0.000     0.000 r  rst
                         net (fo=0)                   0.000     0.000    rst
    U8                   IBUF (Prop_ibuf_I_O)         1.004     1.004 r  rst_IBUF_inst/O
                         net (fo=1, routed)           4.690     5.694    controller_inst/rst_IBUF
    SLICE_X100Y27        LUT1 (Prop_lut1_I0_O)        0.124     5.818 f  controller_inst/FSM_sequential_current_state[1]_i_2/O
                         net (fo=14, routed)          1.618     7.436    controller_inst/FSM_sequential_current_state[1]_i_2_n_0
    SLICE_X100Y32        FDCE                                         f  controller_inst/flush_counter_reg[1]/CLR
  -------------------------------------------------------------------    -------------------

                         (clock sys_clk rise edge)    0.000     0.000 r  <hidden>
    U7                                                0.000     0.000 r  clk
                         net (fo=0)                   0.000     0.000    clk
    U7                   IBUF (Prop_ibuf_I_O)         0.924     0.924 r  clk_IBUF_inst/O
                         net (fo=1, routed)           1.972     2.896    clk_IBUF
    BUFGCTRL_X0Y1        BUFG (Prop_bufg_I_O)         0.091     2.987 r  clk_IBUF_BUFG_inst_replica/O
                         net (fo=5, routed)           0.133     3.120    clk_IBUF_BUFG_repN
    BUFGCTRL_X0Y0        BUFG (Prop_bufg_I_O)         0.091     3.211 r  clk_IBUF_BUFG_inst/O
                         net (fo=127, routed)         1.614     4.825    controller_inst/clk_IBUF_BUFG
    SLICE_X100Y32        FDCE                                         r  controller_inst/flush_counter_reg[1]/C

Slack:                    inf
  Source:                 in_pixel[7]
                            (input port)
  Destination:            genblk1[0].mac_pipeline_inst/accumulation_stage_reg[9]/B[12]
                            (rising edge-triggered cell DSP48E1 clocked by sys_clk  {rise@0.000ns fall@1.250ns period=2.500ns})
  Path Group:             (none)
  Path Type:              Setup (Max at Slow Process Corner)
  Data Path Delay:        7.384ns  (logic 1.000ns (13.548%)  route 6.384ns (86.452%))
  Logic Levels:           1  (IBUF=1)
  Clock Path Skew:        4.923ns (DCD - SCD + CPR)
    Destination Clock Delay (DCD):    4.923ns
    Source Clock Delay      (SCD):    0.000ns
    Clock Pessimism Removal (CPR):    0.000ns
  Clock Uncertainty:      0.025ns  ((TSJ^2 + TIJ^2)^1/2 + DJ) / 2 + PE
    Total System Jitter     (TSJ):    0.050ns
    Total Input Jitter      (TIJ):    0.000ns
    Discrete Jitter          (DJ):    0.000ns
    Phase Error              (PE):    0.000ns
  Timing Exception:       False Path

    Location             Delay type                Incr(ns)  Path(ns)    Netlist Resource(s)
  -------------------------------------------------------------------    -------------------
    T5                                                0.000     0.000 r  in_pixel[7]
                         net (fo=0)                   0.000     0.000    in_pixel[7]
    T5                   IBUF (Prop_ibuf_I_O)         1.000     1.000 r  in_pixel_IBUF[7]_inst/O
                         net (fo=24, routed)          6.384     7.384    genblk1[0].mac_pipeline_inst/B[7]
    DSP48_X4Y18          DSP48E1                                      r  genblk1[0].mac_pipeline_inst/accumulation_stage_reg[9]/B[12]
  -------------------------------------------------------------------    -------------------

                         (clock sys_clk rise edge)    0.000     0.000 r  <hidden>
    U7                                                0.000     0.000 r  clk
                         net (fo=0)                   0.000     0.000    clk
    U7                   IBUF (Prop_ibuf_I_O)         0.924     0.924 r  clk_IBUF_inst/O
                         net (fo=1, routed)           1.972     2.896    clk_IBUF
    BUFGCTRL_X0Y1        BUFG (Prop_bufg_I_O)         0.091     2.987 r  clk_IBUF_BUFG_inst_replica/O
                         net (fo=5, routed)           0.133     3.120    clk_IBUF_BUFG_repN
    BUFGCTRL_X0Y0        BUFG (Prop_bufg_I_O)         0.091     3.211 r  clk_IBUF_BUFG_inst/O
                         net (fo=127, routed)         1.712     4.923    genblk1[0].mac_pipeline_inst/clk_IBUF_BUFG
    DSP48_X4Y18          DSP48E1                                      r  genblk1[0].mac_pipeline_inst/accumulation_stage_reg[9]/CLK

Slack:                    inf
  Source:                 in_pixel[7]
                            (input port)
  Destination:            genblk1[0].mac_pipeline_inst/accumulation_stage_reg[9]/B[13]
                            (rising edge-triggered cell DSP48E1 clocked by sys_clk  {rise@0.000ns fall@1.250ns period=2.500ns})
  Path Group:             (none)
  Path Type:              Setup (Max at Slow Process Corner)
  Data Path Delay:        7.384ns  (logic 1.000ns (13.548%)  route 6.384ns (86.452%))
  Logic Levels:           1  (IBUF=1)
  Clock Path Skew:        4.923ns (DCD - SCD + CPR)
    Destination Clock Delay (DCD):    4.923ns
    Source Clock Delay      (SCD):    0.000ns
    Clock Pessimism Removal (CPR):    0.000ns
  Clock Uncertainty:      0.025ns  ((TSJ^2 + TIJ^2)^1/2 + DJ) / 2 + PE
    Total System Jitter     (TSJ):    0.050ns
    Total Input Jitter      (TIJ):    0.000ns
    Discrete Jitter          (DJ):    0.000ns
    Phase Error              (PE):    0.000ns
  Timing Exception:       False Path

    Location             Delay type                Incr(ns)  Path(ns)    Netlist Resource(s)
  -------------------------------------------------------------------    -------------------
    T5                                                0.000     0.000 r  in_pixel[7]
                         net (fo=0)                   0.000     0.000    in_pixel[7]
    T5                   IBUF (Prop_ibuf_I_O)         1.000     1.000 r  in_pixel_IBUF[7]_inst/O
                         net (fo=24, routed)          6.384     7.384    genblk1[0].mac_pipeline_inst/B[7]
    DSP48_X4Y18          DSP48E1                                      r  genblk1[0].mac_pipeline_inst/accumulation_stage_reg[9]/B[13]
  -------------------------------------------------------------------    -------------------

                         (clock sys_clk rise edge)    0.000     0.000 r  <hidden>
    U7                                                0.000     0.000 r  clk
                         net (fo=0)                   0.000     0.000    clk
    U7                   IBUF (Prop_ibuf_I_O)         0.924     0.924 r  clk_IBUF_inst/O
                         net (fo=1, routed)           1.972     2.896    clk_IBUF
    BUFGCTRL_X0Y1        BUFG (Prop_bufg_I_O)         0.091     2.987 r  clk_IBUF_BUFG_inst_replica/O
                         net (fo=5, routed)           0.133     3.120    clk_IBUF_BUFG_repN
    BUFGCTRL_X0Y0        BUFG (Prop_bufg_I_O)         0.091     3.211 r  clk_IBUF_BUFG_inst/O
                         net (fo=127, routed)         1.712     4.923    genblk1[0].mac_pipeline_inst/clk_IBUF_BUFG
    DSP48_X4Y18          DSP48E1                                      r  genblk1[0].mac_pipeline_inst/accumulation_stage_reg[9]/CLK

Slack:                    inf
  Source:                 cnn_en
                            (input port)
  Destination:            genblk1[0].mac_pipeline_inst/accumulation_stage_reg[9]/CEP
                            (rising edge-triggered cell DSP48E1 clocked by sys_clk  {rise@0.000ns fall@1.250ns period=2.500ns})
  Path Group:             (none)
  Path Type:              Setup (Max at Slow Process Corner)
  Data Path Delay:        7.342ns  (logic 1.018ns (13.869%)  route 6.324ns (86.131%))
  Logic Levels:           1  (IBUF=1)
  Clock Path Skew:        4.923ns (DCD - SCD + CPR)
    Destination Clock Delay (DCD):    4.923ns
    Source Clock Delay      (SCD):    0.000ns
    Clock Pessimism Removal (CPR):    0.000ns
  Clock Uncertainty:      0.025ns  ((TSJ^2 + TIJ^2)^1/2 + DJ) / 2 + PE
    Total System Jitter     (TSJ):    0.050ns
    Total Input Jitter      (TIJ):    0.000ns
    Discrete Jitter          (DJ):    0.000ns
    Phase Error              (PE):    0.000ns
  Timing Exception:       False Path

    Location             Delay type                Incr(ns)  Path(ns)    Netlist Resource(s)
  -------------------------------------------------------------------    -------------------
    Y11                                               0.000     0.000 r  cnn_en
                         net (fo=0)                   0.000     0.000    cnn_en
    Y11                  IBUF (Prop_ibuf_I_O)         1.018     1.018 r  cnn_en_IBUF_inst/O
                         net (fo=86, routed)          6.324     7.342    genblk1[0].mac_pipeline_inst/cnn_en_IBUF
    DSP48_X4Y18          DSP48E1                                      r  genblk1[0].mac_pipeline_inst/accumulation_stage_reg[9]/CEP
  -------------------------------------------------------------------    -------------------

                         (clock sys_clk rise edge)    0.000     0.000 r  <hidden>
    U7                                                0.000     0.000 r  clk
                         net (fo=0)                   0.000     0.000    clk
    U7                   IBUF (Prop_ibuf_I_O)         0.924     0.924 r  clk_IBUF_inst/O
                         net (fo=1, routed)           1.972     2.896    clk_IBUF
    BUFGCTRL_X0Y1        BUFG (Prop_bufg_I_O)         0.091     2.987 r  clk_IBUF_BUFG_inst_replica/O
                         net (fo=5, routed)           0.133     3.120    clk_IBUF_BUFG_repN
    BUFGCTRL_X0Y0        BUFG (Prop_bufg_I_O)         0.091     3.211 r  clk_IBUF_BUFG_inst/O
                         net (fo=127, routed)         1.712     4.923    genblk1[0].mac_pipeline_inst/clk_IBUF_BUFG
    DSP48_X4Y18          DSP48E1                                      r  genblk1[0].mac_pipeline_inst/accumulation_stage_reg[9]/CLK

Slack:                    inf
  Source:                 kernel_rd_en
                            (input port)
  Destination:            genblk1[0].mac_pipeline_inst/accumulation_stage_reg[8]/CEB1
                            (rising edge-triggered cell DSP48E1 clocked by sys_clk  {rise@0.000ns fall@1.250ns period=2.500ns})
  Path Group:             (none)
  Path Type:              Setup (Max at Slow Process Corner)
  Data Path Delay:        7.265ns  (logic 1.139ns (15.676%)  route 6.126ns (84.324%))
  Logic Levels:           2  (IBUF=1 LUT5=1)
  Clock Path Skew:        4.923ns (DCD - SCD + CPR)
    Destination Clock Delay (DCD):    4.923ns
    Source Clock Delay      (SCD):    0.000ns
    Clock Pessimism Removal (CPR):    0.000ns
  Clock Uncertainty:      0.025ns  ((TSJ^2 + TIJ^2)^1/2 + DJ) / 2 + PE
    Total System Jitter     (TSJ):    0.050ns
    Total Input Jitter      (TIJ):    0.000ns
    Discrete Jitter          (DJ):    0.000ns
    Phase Error              (PE):    0.000ns
  Timing Exception:       False Path

    Location             Delay type                Incr(ns)  Path(ns)    Netlist Resource(s)
  -------------------------------------------------------------------    -------------------
    W11                                               0.000     0.000 r  kernel_rd_en
                         net (fo=0)                   0.000     0.000    kernel_rd_en
    W11                  IBUF (Prop_ibuf_I_O)         1.015     1.015 r  kernel_rd_en_IBUF_inst/O
                         net (fo=3, routed)           5.288     6.303    kernel_memory_inst/kernel_rd_en_IBUF
    SLICE_X103Y33        LUT5 (Prop_lut5_I2_O)        0.124     6.427 r  kernel_memory_inst/kernel_coefficients[8][7]_i_1/O
                         net (fo=77, routed)          0.838     7.265    genblk1[0].mac_pipeline_inst/accumulation_stage_reg[8]_0
    DSP48_X4Y17          DSP48E1                                      r  genblk1[0].mac_pipeline_inst/accumulation_stage_reg[8]/CEB1
  -------------------------------------------------------------------    -------------------

                         (clock sys_clk rise edge)    0.000     0.000 r  <hidden>
    U7                                                0.000     0.000 r  clk
                         net (fo=0)                   0.000     0.000    clk
    U7                   IBUF (Prop_ibuf_I_O)         0.924     0.924 r  clk_IBUF_inst/O
                         net (fo=1, routed)           1.972     2.896    clk_IBUF
    BUFGCTRL_X0Y1        BUFG (Prop_bufg_I_O)         0.091     2.987 r  clk_IBUF_BUFG_inst_replica/O
                         net (fo=5, routed)           0.133     3.120    clk_IBUF_BUFG_repN
    BUFGCTRL_X0Y0        BUFG (Prop_bufg_I_O)         0.091     3.211 r  clk_IBUF_BUFG_inst/O
                         net (fo=127, routed)         1.712     4.923    genblk1[0].mac_pipeline_inst/clk_IBUF_BUFG
    DSP48_X4Y17          DSP48E1                                      r  genblk1[0].mac_pipeline_inst/accumulation_stage_reg[8]/CLK

Slack:                    inf
  Source:                 kernel_rd_en
                            (input port)
  Destination:            genblk1[0].mac_pipeline_inst/accumulation_stage_reg[8]/CEB2
                            (rising edge-triggered cell DSP48E1 clocked by sys_clk  {rise@0.000ns fall@1.250ns period=2.500ns})
  Path Group:             (none)
  Path Type:              Setup (Max at Slow Process Corner)
  Data Path Delay:        7.265ns  (logic 1.139ns (15.676%)  route 6.126ns (84.324%))
  Logic Levels:           2  (IBUF=1 LUT5=1)
  Clock Path Skew:        4.923ns (DCD - SCD + CPR)
    Destination Clock Delay (DCD):    4.923ns
    Source Clock Delay      (SCD):    0.000ns
    Clock Pessimism Removal (CPR):    0.000ns
  Clock Uncertainty:      0.025ns  ((TSJ^2 + TIJ^2)^1/2 + DJ) / 2 + PE
    Total System Jitter     (TSJ):    0.050ns
    Total Input Jitter      (TIJ):    0.000ns
    Discrete Jitter          (DJ):    0.000ns
    Phase Error              (PE):    0.000ns
  Timing Exception:       False Path

    Location             Delay type                Incr(ns)  Path(ns)    Netlist Resource(s)
  -------------------------------------------------------------------    -------------------
    W11                                               0.000     0.000 r  kernel_rd_en
                         net (fo=0)                   0.000     0.000    kernel_rd_en
    W11                  IBUF (Prop_ibuf_I_O)         1.015     1.015 r  kernel_rd_en_IBUF_inst/O
                         net (fo=3, routed)           5.288     6.303    kernel_memory_inst/kernel_rd_en_IBUF
    SLICE_X103Y33        LUT5 (Prop_lut5_I2_O)        0.124     6.427 r  kernel_memory_inst/kernel_coefficients[8][7]_i_1/O
                         net (fo=77, routed)          0.838     7.265    genblk1[0].mac_pipeline_inst/accumulation_stage_reg[8]_0
    DSP48_X4Y17          DSP48E1                                      r  genblk1[0].mac_pipeline_inst/accumulation_stage_reg[8]/CEB2
  -------------------------------------------------------------------    -------------------

                         (clock sys_clk rise edge)    0.000     0.000 r  <hidden>
    U7                                                0.000     0.000 r  clk
                         net (fo=0)                   0.000     0.000    clk
    U7                   IBUF (Prop_ibuf_I_O)         0.924     0.924 r  clk_IBUF_inst/O
                         net (fo=1, routed)           1.972     2.896    clk_IBUF
    BUFGCTRL_X0Y1        BUFG (Prop_bufg_I_O)         0.091     2.987 r  clk_IBUF_BUFG_inst_replica/O
                         net (fo=5, routed)           0.133     3.120    clk_IBUF_BUFG_repN
    BUFGCTRL_X0Y0        BUFG (Prop_bufg_I_O)         0.091     3.211 r  clk_IBUF_BUFG_inst/O
                         net (fo=127, routed)         1.712     4.923    genblk1[0].mac_pipeline_inst/clk_IBUF_BUFG
    DSP48_X4Y17          DSP48E1                                      r  genblk1[0].mac_pipeline_inst/accumulation_stage_reg[8]/CLK





Min Delay Paths
--------------------------------------------------------------------------------------
Slack:                    inf
  Source:                 in_pixel[1]
                            (input port)
  Destination:            kernel_memory_inst/kernel_coefficients_reg[8][1]/D
                            (rising edge-triggered cell FDRE clocked by sys_clk  {rise@0.000ns fall@1.250ns period=2.500ns})
  Path Group:             (none)
  Path Type:              Hold (Min at Fast Process Corner)
  Data Path Delay:        2.409ns  (logic 0.179ns (7.450%)  route 2.230ns (92.550%))
  Logic Levels:           1  (IBUF=1)
  Clock Path Skew:        2.159ns (DCD - SCD - CPR)
    Destination Clock Delay (DCD):    2.159ns
    Source Clock Delay      (SCD):    0.000ns
    Clock Pessimism Removal (CPR):    -0.000ns
  Timing Exception:       False Path

    Location             Delay type                Incr(ns)  Path(ns)    Netlist Resource(s)
  -------------------------------------------------------------------    -------------------
    V6                                                0.000     0.000 r  in_pixel[1]
                         net (fo=0)                   0.000     0.000    in_pixel[1]
    V6                   IBUF (Prop_ibuf_I_O)         0.179     0.179 r  in_pixel_IBUF[1]_inst/O
                         net (fo=4, routed)           2.230     2.409    kernel_memory_inst/D[1]
    SLICE_X102Y31        FDRE                                         r  kernel_memory_inst/kernel_coefficients_reg[8][1]/D
  -------------------------------------------------------------------    -------------------

                         (clock sys_clk rise edge)    0.000     0.000 r  <hidden>
    U7                                                0.000     0.000 r  clk
                         net (fo=0)                   0.000     0.000    clk
    U7                   IBUF (Prop_ibuf_I_O)         0.476     0.476 r  clk_IBUF_inst/O
                         net (fo=1, routed)           0.719     1.195    clk_IBUF
    BUFGCTRL_X0Y1        BUFG (Prop_bufg_I_O)         0.029     1.224 r  clk_IBUF_BUFG_inst_replica/O
                         net (fo=5, routed)           0.033     1.257    clk_IBUF_BUFG_repN
    BUFGCTRL_X0Y0        BUFG (Prop_bufg_I_O)         0.029     1.286 r  clk_IBUF_BUFG_inst/O
                         net (fo=127, routed)         0.873     2.159    kernel_memory_inst/clk_IBUF_BUFG
    SLICE_X102Y31        FDRE                                         r  kernel_memory_inst/kernel_coefficients_reg[8][1]/C

Slack:                    inf
  Source:                 cnn_en
                            (input port)
  Destination:            genblk1[0].mac_pipeline_inst/accumulation_stage_reg[1]/CEA1
                            (rising edge-triggered cell DSP48E1 clocked by sys_clk  {rise@0.000ns fall@1.250ns period=2.500ns})
  Path Group:             (none)
  Path Type:              Hold (Min at Fast Process Corner)
  Data Path Delay:        2.410ns  (logic 0.247ns (10.235%)  route 2.163ns (89.765%))
  Logic Levels:           1  (IBUF=1)
  Clock Path Skew:        2.243ns (DCD - SCD - CPR)
    Destination Clock Delay (DCD):    2.243ns
    Source Clock Delay      (SCD):    0.000ns
    Clock Pessimism Removal (CPR):    -0.000ns
  Timing Exception:       False Path

    Location             Delay type                Incr(ns)  Path(ns)    Netlist Resource(s)
  -------------------------------------------------------------------    -------------------
    Y11                                               0.000     0.000 r  cnn_en
                         net (fo=0)                   0.000     0.000    cnn_en
    Y11                  IBUF (Prop_ibuf_I_O)         0.247     0.247 r  cnn_en_IBUF_inst/O
                         net (fo=86, routed)          2.163     2.410    genblk1[0].mac_pipeline_inst/cnn_en_IBUF
    DSP48_X4Y10          DSP48E1                                      r  genblk1[0].mac_pipeline_inst/accumulation_stage_reg[1]/CEA1
  -------------------------------------------------------------------    -------------------

                         (clock sys_clk rise edge)    0.000     0.000 r  <hidden>
    U7                                                0.000     0.000 r  clk
                         net (fo=0)                   0.000     0.000    clk
    U7                   IBUF (Prop_ibuf_I_O)         0.476     0.476 r  clk_IBUF_inst/O
                         net (fo=1, routed)           0.719     1.195    clk_IBUF
    BUFGCTRL_X0Y1        BUFG (Prop_bufg_I_O)         0.029     1.224 r  clk_IBUF_BUFG_inst_replica/O
                         net (fo=5, routed)           0.033     1.257    clk_IBUF_BUFG_repN
    BUFGCTRL_X0Y0        BUFG (Prop_bufg_I_O)         0.029     1.286 r  clk_IBUF_BUFG_inst/O
                         net (fo=127, routed)         0.957     2.243    genblk1[0].mac_pipeline_inst/clk_IBUF_BUFG
    DSP48_X4Y10          DSP48E1                                      r  genblk1[0].mac_pipeline_inst/accumulation_stage_reg[1]/CLK

Slack:                    inf
  Source:                 cnn_en
                            (input port)
  Destination:            genblk1[0].mac_pipeline_inst/accumulation_stage_reg[1]/CEA2
                            (rising edge-triggered cell DSP48E1 clocked by sys_clk  {rise@0.000ns fall@1.250ns period=2.500ns})
  Path Group:             (none)
  Path Type:              Hold (Min at Fast Process Corner)
  Data Path Delay:        2.410ns  (logic 0.247ns (10.235%)  route 2.163ns (89.765%))
  Logic Levels:           1  (IBUF=1)
  Clock Path Skew:        2.243ns (DCD - SCD - CPR)
    Destination Clock Delay (DCD):    2.243ns
    Source Clock Delay      (SCD):    0.000ns
    Clock Pessimism Removal (CPR):    -0.000ns
  Timing Exception:       False Path

    Location             Delay type                Incr(ns)  Path(ns)    Netlist Resource(s)
  -------------------------------------------------------------------    -------------------
    Y11                                               0.000     0.000 r  cnn_en
                         net (fo=0)                   0.000     0.000    cnn_en
    Y11                  IBUF (Prop_ibuf_I_O)         0.247     0.247 r  cnn_en_IBUF_inst/O
                         net (fo=86, routed)          2.163     2.410    genblk1[0].mac_pipeline_inst/cnn_en_IBUF
    DSP48_X4Y10          DSP48E1                                      r  genblk1[0].mac_pipeline_inst/accumulation_stage_reg[1]/CEA2
  -------------------------------------------------------------------    -------------------

                         (clock sys_clk rise edge)    0.000     0.000 r  <hidden>
    U7                                                0.000     0.000 r  clk
                         net (fo=0)                   0.000     0.000    clk
    U7                   IBUF (Prop_ibuf_I_O)         0.476     0.476 r  clk_IBUF_inst/O
                         net (fo=1, routed)           0.719     1.195    clk_IBUF
    BUFGCTRL_X0Y1        BUFG (Prop_bufg_I_O)         0.029     1.224 r  clk_IBUF_BUFG_inst_replica/O
                         net (fo=5, routed)           0.033     1.257    clk_IBUF_BUFG_repN
    BUFGCTRL_X0Y0        BUFG (Prop_bufg_I_O)         0.029     1.286 r  clk_IBUF_BUFG_inst/O
                         net (fo=127, routed)         0.957     2.243    genblk1[0].mac_pipeline_inst/clk_IBUF_BUFG
    DSP48_X4Y10          DSP48E1                                      r  genblk1[0].mac_pipeline_inst/accumulation_stage_reg[1]/CLK

Slack:                    inf
  Source:                 cnn_en
                            (input port)
  Destination:            genblk1[0].mac_pipeline_inst/accumulation_stage_reg[3]/CEA1
                            (rising edge-triggered cell DSP48E1 clocked by sys_clk  {rise@0.000ns fall@1.250ns period=2.500ns})
  Path Group:             (none)
  Path Type:              Hold (Min at Fast Process Corner)
  Data Path Delay:        2.437ns  (logic 0.247ns (10.119%)  route 2.191ns (89.881%))
  Logic Levels:           1  (IBUF=1)
  Clock Path Skew:        2.249ns (DCD - SCD - CPR)
    Destination Clock Delay (DCD):    2.249ns
    Source Clock Delay      (SCD):    0.000ns
    Clock Pessimism Removal (CPR):    -0.000ns
  Timing Exception:       False Path

    Location             Delay type                Incr(ns)  Path(ns)    Netlist Resource(s)
  -------------------------------------------------------------------    -------------------
    Y11                                               0.000     0.000 r  cnn_en
                         net (fo=0)                   0.000     0.000    cnn_en
    Y11                  IBUF (Prop_ibuf_I_O)         0.247     0.247 r  cnn_en_IBUF_inst/O
                         net (fo=86, routed)          2.191     2.437    genblk1[0].mac_pipeline_inst/cnn_en_IBUF
    DSP48_X4Y12          DSP48E1                                      r  genblk1[0].mac_pipeline_inst/accumulation_stage_reg[3]/CEA1
  -------------------------------------------------------------------    -------------------

                         (clock sys_clk rise edge)    0.000     0.000 r  <hidden>
    U7                                                0.000     0.000 r  clk
                         net (fo=0)                   0.000     0.000    clk
    U7                   IBUF (Prop_ibuf_I_O)         0.476     0.476 r  clk_IBUF_inst/O
                         net (fo=1, routed)           0.719     1.195    clk_IBUF
    BUFGCTRL_X0Y1        BUFG (Prop_bufg_I_O)         0.029     1.224 r  clk_IBUF_BUFG_inst_replica/O
                         net (fo=5, routed)           0.033     1.257    clk_IBUF_BUFG_repN
    BUFGCTRL_X0Y0        BUFG (Prop_bufg_I_O)         0.029     1.286 r  clk_IBUF_BUFG_inst/O
                         net (fo=127, routed)         0.963     2.249    genblk1[0].mac_pipeline_inst/clk_IBUF_BUFG
    DSP48_X4Y12          DSP48E1                                      r  genblk1[0].mac_pipeline_inst/accumulation_stage_reg[3]/CLK

Slack:                    inf
  Source:                 cnn_en
                            (input port)
  Destination:            genblk1[0].mac_pipeline_inst/accumulation_stage_reg[3]/CEA2
                            (rising edge-triggered cell DSP48E1 clocked by sys_clk  {rise@0.000ns fall@1.250ns period=2.500ns})
  Path Group:             (none)
  Path Type:              Hold (Min at Fast Process Corner)
  Data Path Delay:        2.437ns  (logic 0.247ns (10.119%)  route 2.191ns (89.881%))
  Logic Levels:           1  (IBUF=1)
  Clock Path Skew:        2.249ns (DCD - SCD - CPR)
    Destination Clock Delay (DCD):    2.249ns
    Source Clock Delay      (SCD):    0.000ns
    Clock Pessimism Removal (CPR):    -0.000ns
  Timing Exception:       False Path

    Location             Delay type                Incr(ns)  Path(ns)    Netlist Resource(s)
  -------------------------------------------------------------------    -------------------
    Y11                                               0.000     0.000 r  cnn_en
                         net (fo=0)                   0.000     0.000    cnn_en
    Y11                  IBUF (Prop_ibuf_I_O)         0.247     0.247 r  cnn_en_IBUF_inst/O
                         net (fo=86, routed)          2.191     2.437    genblk1[0].mac_pipeline_inst/cnn_en_IBUF
    DSP48_X4Y12          DSP48E1                                      r  genblk1[0].mac_pipeline_inst/accumulation_stage_reg[3]/CEA2
  -------------------------------------------------------------------    -------------------

                         (clock sys_clk rise edge)    0.000     0.000 r  <hidden>
    U7                                                0.000     0.000 r  clk
                         net (fo=0)                   0.000     0.000    clk
    U7                   IBUF (Prop_ibuf_I_O)         0.476     0.476 r  clk_IBUF_inst/O
                         net (fo=1, routed)           0.719     1.195    clk_IBUF
    BUFGCTRL_X0Y1        BUFG (Prop_bufg_I_O)         0.029     1.224 r  clk_IBUF_BUFG_inst_replica/O
                         net (fo=5, routed)           0.033     1.257    clk_IBUF_BUFG_repN
    BUFGCTRL_X0Y0        BUFG (Prop_bufg_I_O)         0.029     1.286 r  clk_IBUF_BUFG_inst/O
                         net (fo=127, routed)         0.963     2.249    genblk1[0].mac_pipeline_inst/clk_IBUF_BUFG
    DSP48_X4Y12          DSP48E1                                      r  genblk1[0].mac_pipeline_inst/accumulation_stage_reg[3]/CLK

Slack:                    inf
  Source:                 in_pixel[4]
                            (input port)
  Destination:            kernel_memory_inst/kernel_coefficients_reg[8][4]/D
                            (rising edge-triggered cell FDRE clocked by sys_clk  {rise@0.000ns fall@1.250ns period=2.500ns})
  Path Group:             (none)
  Path Type:              Hold (Min at Fast Process Corner)
  Data Path Delay:        2.447ns  (logic 0.262ns (10.692%)  route 2.185ns (89.308%))
  Logic Levels:           1  (IBUF=1)
  Clock Path Skew:        2.159ns (DCD - SCD - CPR)
    Destination Clock Delay (DCD):    2.159ns
    Source Clock Delay      (SCD):    0.000ns
    Clock Pessimism Removal (CPR):    -0.000ns
  Timing Exception:       False Path

    Location             Delay type                Incr(ns)  Path(ns)    Netlist Resource(s)
  -------------------------------------------------------------------    -------------------
    Y13                                               0.000     0.000 r  in_pixel[4]
                         net (fo=0)                   0.000     0.000    in_pixel[4]
    Y13                  IBUF (Prop_ibuf_I_O)         0.262     0.262 r  in_pixel_IBUF[4]_inst/O
                         net (fo=4, routed)           2.185     2.447    kernel_memory_inst/D[4]
    SLICE_X102Y31        FDRE                                         r  kernel_memory_inst/kernel_coefficients_reg[8][4]/D
  -------------------------------------------------------------------    -------------------

                         (clock sys_clk rise edge)    0.000     0.000 r  <hidden>
    U7                                                0.000     0.000 r  clk
                         net (fo=0)                   0.000     0.000    clk
    U7                   IBUF (Prop_ibuf_I_O)         0.476     0.476 r  clk_IBUF_inst/O
                         net (fo=1, routed)           0.719     1.195    clk_IBUF
    BUFGCTRL_X0Y1        BUFG (Prop_bufg_I_O)         0.029     1.224 r  clk_IBUF_BUFG_inst_replica/O
                         net (fo=5, routed)           0.033     1.257    clk_IBUF_BUFG_repN
    BUFGCTRL_X0Y0        BUFG (Prop_bufg_I_O)         0.029     1.286 r  clk_IBUF_BUFG_inst/O
                         net (fo=127, routed)         0.873     2.159    kernel_memory_inst/clk_IBUF_BUFG
    SLICE_X102Y31        FDRE                                         r  kernel_memory_inst/kernel_coefficients_reg[8][4]/C

Slack:                    inf
  Source:                 in_pixel[2]
                            (input port)
  Destination:            kernel_memory_inst/kernel_coefficients_reg[8][2]/D
                            (rising edge-triggered cell FDRE clocked by sys_clk  {rise@0.000ns fall@1.250ns period=2.500ns})
  Path Group:             (none)
  Path Type:              Hold (Min at Fast Process Corner)
  Data Path Delay:        2.447ns  (logic 0.218ns (8.922%)  route 2.229ns (91.078%))
  Logic Levels:           1  (IBUF=1)
  Clock Path Skew:        2.159ns (DCD - SCD - CPR)
    Destination Clock Delay (DCD):    2.159ns
    Source Clock Delay      (SCD):    0.000ns
    Clock Pessimism Removal (CPR):    -0.000ns
  Timing Exception:       False Path

    Location             Delay type                Incr(ns)  Path(ns)    Netlist Resource(s)
  -------------------------------------------------------------------    -------------------
    V10                                               0.000     0.000 r  in_pixel[2]
                         net (fo=0)                   0.000     0.000    in_pixel[2]
    V10                  IBUF (Prop_ibuf_I_O)         0.218     0.218 r  in_pixel_IBUF[2]_inst/O
                         net (fo=4, routed)           2.229     2.447    kernel_memory_inst/D[2]
    SLICE_X102Y31        FDRE                                         r  kernel_memory_inst/kernel_coefficients_reg[8][2]/D
  -------------------------------------------------------------------    -------------------

                         (clock sys_clk rise edge)    0.000     0.000 r  <hidden>
    U7                                                0.000     0.000 r  clk
                         net (fo=0)                   0.000     0.000    clk
    U7                   IBUF (Prop_ibuf_I_O)         0.476     0.476 r  clk_IBUF_inst/O
                         net (fo=1, routed)           0.719     1.195    clk_IBUF
    BUFGCTRL_X0Y1        BUFG (Prop_bufg_I_O)         0.029     1.224 r  clk_IBUF_BUFG_inst_replica/O
                         net (fo=5, routed)           0.033     1.257    clk_IBUF_BUFG_repN
    BUFGCTRL_X0Y0        BUFG (Prop_bufg_I_O)         0.029     1.286 r  clk_IBUF_BUFG_inst/O
                         net (fo=127, routed)         0.873     2.159    kernel_memory_inst/clk_IBUF_BUFG
    SLICE_X102Y31        FDRE                                         r  kernel_memory_inst/kernel_coefficients_reg[8][2]/C

Slack:                    inf
  Source:                 in_pixel[3]
                            (input port)
  Destination:            kernel_memory_inst/kernel_coefficients_reg[8][3]/D
                            (rising edge-triggered cell FDRE clocked by sys_clk  {rise@0.000ns fall@1.250ns period=2.500ns})
  Path Group:             (none)
  Path Type:              Hold (Min at Fast Process Corner)
  Data Path Delay:        2.467ns  (logic 0.220ns (8.930%)  route 2.246ns (91.070%))
  Logic Levels:           1  (IBUF=1)
  Clock Path Skew:        2.159ns (DCD - SCD - CPR)
    Destination Clock Delay (DCD):    2.159ns
    Source Clock Delay      (SCD):    0.000ns
    Clock Pessimism Removal (CPR):    -0.000ns
  Timing Exception:       False Path

    Location             Delay type                Incr(ns)  Path(ns)    Netlist Resource(s)
  -------------------------------------------------------------------    -------------------
    V11                                               0.000     0.000 r  in_pixel[3]
                         net (fo=0)                   0.000     0.000    in_pixel[3]
    V11                  IBUF (Prop_ibuf_I_O)         0.220     0.220 r  in_pixel_IBUF[3]_inst/O
                         net (fo=4, routed)           2.246     2.467    kernel_memory_inst/D[3]
    SLICE_X102Y31        FDRE                                         r  kernel_memory_inst/kernel_coefficients_reg[8][3]/D
  -------------------------------------------------------------------    -------------------

                         (clock sys_clk rise edge)    0.000     0.000 r  <hidden>
    U7                                                0.000     0.000 r  clk
                         net (fo=0)                   0.000     0.000    clk
    U7                   IBUF (Prop_ibuf_I_O)         0.476     0.476 r  clk_IBUF_inst/O
                         net (fo=1, routed)           0.719     1.195    clk_IBUF
    BUFGCTRL_X0Y1        BUFG (Prop_bufg_I_O)         0.029     1.224 r  clk_IBUF_BUFG_inst_replica/O
                         net (fo=5, routed)           0.033     1.257    clk_IBUF_BUFG_repN
    BUFGCTRL_X0Y0        BUFG (Prop_bufg_I_O)         0.029     1.286 r  clk_IBUF_BUFG_inst/O
                         net (fo=127, routed)         0.873     2.159    kernel_memory_inst/clk_IBUF_BUFG
    SLICE_X102Y31        FDRE                                         r  kernel_memory_inst/kernel_coefficients_reg[8][3]/C

Slack:                    inf
  Source:                 in_pixel[7]
                            (input port)
  Destination:            kernel_memory_inst/kernel_coefficients_reg[8][7]/D
                            (rising edge-triggered cell FDRE clocked by sys_clk  {rise@0.000ns fall@1.250ns period=2.500ns})
  Path Group:             (none)
  Path Type:              Hold (Min at Fast Process Corner)
  Data Path Delay:        2.472ns  (logic 0.229ns (9.262%)  route 2.243ns (90.738%))
  Logic Levels:           1  (IBUF=1)
  Clock Path Skew:        2.162ns (DCD - SCD - CPR)
    Destination Clock Delay (DCD):    2.162ns
    Source Clock Delay      (SCD):    0.000ns
    Clock Pessimism Removal (CPR):    -0.000ns
  Timing Exception:       False Path

    Location             Delay type                Incr(ns)  Path(ns)    Netlist Resource(s)
  -------------------------------------------------------------------    -------------------
    T5                                                0.000     0.000 r  in_pixel[7]
                         net (fo=0)                   0.000     0.000    in_pixel[7]
    T5                   IBUF (Prop_ibuf_I_O)         0.229     0.229 r  in_pixel_IBUF[7]_inst/O
                         net (fo=24, routed)          2.243     2.472    kernel_memory_inst/D[7]
    SLICE_X103Y34        FDRE                                         r  kernel_memory_inst/kernel_coefficients_reg[8][7]/D
  -------------------------------------------------------------------    -------------------

                         (clock sys_clk rise edge)    0.000     0.000 r  <hidden>
    U7                                                0.000     0.000 r  clk
                         net (fo=0)                   0.000     0.000    clk
    U7                   IBUF (Prop_ibuf_I_O)         0.476     0.476 r  clk_IBUF_inst/O
                         net (fo=1, routed)           0.719     1.195    clk_IBUF
    BUFGCTRL_X0Y1        BUFG (Prop_bufg_I_O)         0.029     1.224 r  clk_IBUF_BUFG_inst_replica/O
                         net (fo=5, routed)           0.033     1.257    clk_IBUF_BUFG_repN
    BUFGCTRL_X0Y0        BUFG (Prop_bufg_I_O)         0.029     1.286 r  clk_IBUF_BUFG_inst/O
                         net (fo=127, routed)         0.876     2.162    kernel_memory_inst/clk_IBUF_BUFG
    SLICE_X103Y34        FDRE                                         r  kernel_memory_inst/kernel_coefficients_reg[8][7]/C

Slack:                    inf
  Source:                 cnn_en
                            (input port)
  Destination:            genblk1[0].mac_pipeline_inst/accumulation_stage_reg[1]/CEM
                            (rising edge-triggered cell DSP48E1 clocked by sys_clk  {rise@0.000ns fall@1.250ns period=2.500ns})
  Path Group:             (none)
  Path Type:              Hold (Min at Fast Process Corner)
  Data Path Delay:        2.483ns  (logic 0.247ns (9.931%)  route 2.237ns (90.069%))
  Logic Levels:           1  (IBUF=1)
  Clock Path Skew:        2.243ns (DCD - SCD - CPR)
    Destination Clock Delay (DCD):    2.243ns
    Source Clock Delay      (SCD):    0.000ns
    Clock Pessimism Removal (CPR):    -0.000ns
  Timing Exception:       False Path

    Location             Delay type                Incr(ns)  Path(ns)    Netlist Resource(s)
  -------------------------------------------------------------------    -------------------
    Y11                                               0.000     0.000 r  cnn_en
                         net (fo=0)                   0.000     0.000    cnn_en
    Y11                  IBUF (Prop_ibuf_I_O)         0.247     0.247 r  cnn_en_IBUF_inst/O
                         net (fo=86, routed)          2.237     2.483    genblk1[0].mac_pipeline_inst/cnn_en_IBUF
    DSP48_X4Y10          DSP48E1                                      r  genblk1[0].mac_pipeline_inst/accumulation_stage_reg[1]/CEM
  -------------------------------------------------------------------    -------------------

                         (clock sys_clk rise edge)    0.000     0.000 r  <hidden>
    U7                                                0.000     0.000 r  clk
                         net (fo=0)                   0.000     0.000    clk
    U7                   IBUF (Prop_ibuf_I_O)         0.476     0.476 r  clk_IBUF_inst/O
                         net (fo=1, routed)           0.719     1.195    clk_IBUF
    BUFGCTRL_X0Y1        BUFG (Prop_bufg_I_O)         0.029     1.224 r  clk_IBUF_BUFG_inst_replica/O
                         net (fo=5, routed)           0.033     1.257    clk_IBUF_BUFG_repN
    BUFGCTRL_X0Y0        BUFG (Prop_bufg_I_O)         0.029     1.286 r  clk_IBUF_BUFG_inst/O
                         net (fo=127, routed)         0.957     2.243    genblk1[0].mac_pipeline_inst/clk_IBUF_BUFG
    DSP48_X4Y10          DSP48E1                                      r  genblk1[0].mac_pipeline_inst/accumulation_stage_reg[1]/CLK





