Copyright 1986-2022 Xilinx, Inc. All Rights Reserved. Copyright 2022-2026 Advanced Micro Devices, Inc. All Rights Reserved.
--------------------------------------------------------------------------------------------------------------------------------------------------------------------------------------------------------------
| Tool Version : Vivado v.2026.1 (win64) Build 6511674 Tue Jun 16 11:02:23 MDT 2026
| Date         : Tue Sep 15 18:40:33 2026
| Host         : LAPTOP-J12A2TVN running 64-bit major release  (build 9200)
| Command      : report_timing_summary -max_paths 10 -routable_nets -report_unconstrained -file cnn_top_timing_summary_routed.rpt -pb cnn_top_timing_summary_routed.pb -rpx cnn_top_timing_summary_routed.rpx
| Design       : cnn_top
| Device       : 7z020-clg400
| Speed File   : -1  PRODUCTION 1.12 2019-11-22
| Design State : Routed
--------------------------------------------------------------------------------------------------------------------------------------------------------------------------------------------------------------

Timing Summary Report

------------------------------------------------------------------------------------------------
| Timer Settings
| --------------
------------------------------------------------------------------------------------------------

  Enable Multi Corner Analysis               :  Yes
  Enable Pessimism Removal                   :  Yes
  Pessimism Removal Resolution               :  Nearest Common Node
  Enable Input Delay Default Clock           :  No
  Enable Preset / Clear Arcs                 :  No
  Disable Flight Delays                      :  No
  Ignore I/O Paths                           :  No
  Timing Early Launch at Borrowing Latches   :  No
  Borrow Time for Max Delay Exceptions       :  Yes
  Merge Timing Exceptions                    :  Yes
  Inter-SLR Compensation                     :  Conservative

  Corner  Analyze    Analyze    
  Name    Max Paths  Min Paths  
  ------  ---------  ---------  
  Slow    Yes        Yes        
  Fast    Yes        Yes        


------------------------------------------------------------------------------------------------
| Report Methodology
| ------------------
------------------------------------------------------------------------------------------------

No report available as report_methodology has not been run prior. Run report_methodology on the current design for the summary of methodology violations.



check_timing report

Table of Contents
-----------------
1. checking no_clock (0)
2. checking constant_clock (0)
3. checking pulse_width_clock (0)
4. checking unconstrained_internal_endpoints (0)
5. checking no_input_delay (11)
6. checking no_output_delay (20)
7. checking multiple_clock (0)
8. checking generated_clocks (0)
9. checking loops (0)
10. checking partial_input_delay (0)
11. checking partial_output_delay (0)
12. checking latch_loops (0)

1. checking no_clock (0)
------------------------
 There are 0 register/latch pins with no clock.


2. checking constant_clock (0)
------------------------------
 There are 0 register/latch pins with constant_clock.


3. checking pulse_width_clock (0)
---------------------------------
 There are 0 register/latch pins which need pulse_width check


4. checking unconstrained_internal_endpoints (0)
------------------------------------------------
 There are 0 pins that are not constrained for maximum delay.

 There are 0 pins that are not constrained for maximum delay due to constant clock.


5. checking no_input_delay (11)
-------------------------------
 There are 0 input ports with no input delay specified.

 There are 11 input ports with no input delay but user has a false path constraint. (MEDIUM)


6. checking no_output_delay (20)
--------------------------------
 There are 0 ports with no output delay specified.

 There are 20 ports with no output delay but user has a false path constraint (MEDIUM)

 There are 0 ports with no output delay but with a timing clock defined on it or propagating through it


7. checking multiple_clock (0)
------------------------------
 There are 0 register/latch pins with multiple clocks.


8. checking generated_clocks (0)
--------------------------------
 There are 0 generated clocks that are not connected to a clock source.


9. checking loops (0)
---------------------
 There are 0 combinational loops in the design.


10. checking partial_input_delay (0)
------------------------------------
 There are 0 input ports with partial input delay specified.


11. checking partial_output_delay (0)
-------------------------------------
 There are 0 ports with partial output delay specified.


12. checking latch_loops (0)
----------------------------
 There are 0 combinational latch loops in the design through latch input



------------------------------------------------------------------------------------------------
| Design Timing Summary
| ---------------------
------------------------------------------------------------------------------------------------

    WNS(ns)      TNS(ns)  TNS Failing Endpoints  TNS Total Endpoints      WHS(ns)      THS(ns)  THS Failing Endpoints  THS Total Endpoints     WPWS(ns)     TPWS(ns)  TPWS Failing Endpoints  TPWS Total Endpoints  
    -------      -------  ---------------------  -------------------      -------      -------  ---------------------  -------------------     --------     --------  ----------------------  --------------------  
     -0.105       -0.570                     11                  776        0.171        0.000                      0                  776        0.270        0.000                       0                   132  


Timing constraints are not met.


------------------------------------------------------------------------------------------------
| Clock Summary
| -------------
------------------------------------------------------------------------------------------------

Clock    Waveform(ns)         Period(ns)      Frequency(MHz)
-----    ------------         ----------      --------------
sys_clk  {0.000 1.250}        2.500           400.000         


------------------------------------------------------------------------------------------------
| Intra Clock Table
| -----------------
------------------------------------------------------------------------------------------------

Clock             WNS(ns)      TNS(ns)  TNS Failing Endpoints  TNS Total Endpoints      WHS(ns)      THS(ns)  THS Failing Endpoints  THS Total Endpoints     WPWS(ns)     TPWS(ns)  TPWS Failing Endpoints  TPWS Total Endpoints  
-----             -------      -------  ---------------------  -------------------      -------      -------  ---------------------  -------------------     --------     --------  ----------------------  --------------------  
sys_clk            -0.105       -0.570                     11                  776        0.171        0.000                      0                  776        0.270        0.000                       0                   132  


------------------------------------------------------------------------------------------------
| Inter Clock Table
| -----------------
------------------------------------------------------------------------------------------------

From Clock    To Clock          WNS(ns)      TNS(ns)  TNS Failing Endpoints  TNS Total Endpoints      WHS(ns)      THS(ns)  THS Failing Endpoints  THS Total Endpoints  
----------    --------          -------      -------  ---------------------  -------------------      -------      -------  ---------------------  -------------------  


------------------------------------------------------------------------------------------------
| Other Path Groups Table
| -----------------------
------------------------------------------------------------------------------------------------

Path Group    From Clock    To Clock          WNS(ns)      TNS(ns)  TNS Failing Endpoints  TNS Total Endpoints      WHS(ns)      THS(ns)  THS Failing Endpoints  THS Total Endpoints  
----------    ----------    --------          -------      -------  ---------------------  -------------------      -------      -------  ---------------------  -------------------  


------------------------------------------------------------------------------------------------
| User Ignored Path Table
| -----------------------
------------------------------------------------------------------------------------------------

Path Group    From Clock    To Clock    
----------    ----------    --------    
(none)        sys_clk                     
(none)                      sys_clk       


------------------------------------------------------------------------------------------------
| Unconstrained Path Table
| ------------------------
------------------------------------------------------------------------------------------------

Path Group    From Clock    To Clock    
----------    ----------    --------    


------------------------------------------------------------------------------------------------
| Timing Details
| --------------
------------------------------------------------------------------------------------------------


---------------------------------------------------------------------------------------------------
From Clock:  sys_clk
  To Clock:  sys_clk

Setup :           11  Failing Endpoints,  Worst Slack       -0.105ns,  Total Violation       -0.570ns
Hold  :            0  Failing Endpoints,  Worst Slack        0.171ns,  Total Violation        0.000ns
PW    :            0  Failing Endpoints,  Worst Slack        0.270ns,  Total Violation        0.000ns
---------------------------------------------------------------------------------------------------


Max Delay Paths
--------------------------------------------------------------------------------------
Slack (VIOLATED) :        -0.105ns  (required time - arrival time)
  Source:                 kernel_memory_inst/kernel_counter_reg[1]/C
                            (rising edge-triggered cell FDRE clocked by sys_clk  {rise@0.000ns fall@1.250ns period=2.500ns})
  Destination:            genblk1[0].mac_pipeline_inst/accumulation_stage_reg[8]/CEB1
                            (rising edge-triggered cell DSP48E1 clocked by sys_clk  {rise@0.000ns fall@1.250ns period=2.500ns})
  Path Group:             sys_clk
  Path Type:              Setup (Max at Slow Process Corner)
  Requirement:            2.500ns  (sys_clk rise@2.500ns - sys_clk rise@0.000ns)
  Data Path Delay:        2.090ns  (logic 0.580ns (27.752%)  route 1.510ns (72.248%))
  Logic Levels:           1  (LUT5=1)
  Clock Path Skew:        0.035ns (DCD - SCD + CPR)
    Destination Clock Delay (DCD):    4.699ns = ( 7.199 - 2.500 ) 
    Source Clock Delay      (SCD):    5.122ns
    Clock Pessimism Removal (CPR):    0.458ns
  Clock Uncertainty:      0.035ns  ((TSJ^2 + TIJ^2)^1/2 + DJ) / 2 + PE
    Total System Jitter     (TSJ):    0.071ns
    Total Input Jitter      (TIJ):    0.000ns
    Discrete Jitter          (DJ):    0.000ns
    Phase Error              (PE):    0.000ns

    Location             Delay type                Incr(ns)  Path(ns)    Netlist Resource(s)
  -------------------------------------------------------------------    -------------------
                         (clock sys_clk rise edge)    0.000     0.000 r  <hidden>
    U7                                                0.000     0.000 r  clk
                         net (fo=0)                   0.000     0.000    clk
    U7                   IBUF (Prop_ibuf_I_O)         1.058     1.058 r  clk_IBUF_inst/O
                         net (fo=1, routed)           2.171     3.229    clk_IBUF
    BUFGCTRL_X0Y0        BUFG (Prop_bufg_I_O)         0.101     3.330 r  clk_IBUF_BUFG_inst/O
                         net (fo=131, routed)         1.792     5.122    kernel_memory_inst/clk_IBUF_BUFG
    SLICE_X105Y33        FDRE                                         r  kernel_memory_inst/kernel_counter_reg[1]/C
  -------------------------------------------------------------------    -------------------
    SLICE_X105Y33        FDRE (Prop_fdre_C_Q)         0.456     5.578 f  kernel_memory_inst/kernel_counter_reg[1]/Q
                         net (fo=5, routed)           0.672     6.251    kernel_memory_inst/kernel_counter_reg[1]
    SLICE_X103Y33        LUT5 (Prop_lut5_I0_O)        0.124     6.375 r  kernel_memory_inst/kernel_coefficients[8][7]_i_1/O
                         net (fo=77, routed)          0.838     7.212    genblk1[0].mac_pipeline_inst/accumulation_stage_reg[8]_0
    DSP48_X4Y17          DSP48E1                                      r  genblk1[0].mac_pipeline_inst/accumulation_stage_reg[8]/CEB1
  -------------------------------------------------------------------    -------------------

                         (clock sys_clk rise edge)    2.500     2.500 r  <hidden>
    U7                                                0.000     2.500 r  clk
                         net (fo=0)                   0.000     2.500    clk
    U7                   IBUF (Prop_ibuf_I_O)         0.924     3.424 r  clk_IBUF_inst/O
                         net (fo=1, routed)           1.972     5.396    clk_IBUF
    BUFGCTRL_X0Y0        BUFG (Prop_bufg_I_O)         0.091     5.487 r  clk_IBUF_BUFG_inst/O
                         net (fo=131, routed)         1.712     7.199    genblk1[0].mac_pipeline_inst/clk_IBUF_BUFG
    DSP48_X4Y17          DSP48E1                                      r  genblk1[0].mac_pipeline_inst/accumulation_stage_reg[8]/CLK
                         clock pessimism              0.458     7.657    <hidden>
                         clock uncertainty           -0.035     7.622    <hidden>
    DSP48_X4Y17          DSP48E1 (Setup_dsp48e1_CLK_CEB1)
                                                     -0.514     7.108    genblk1[0].mac_pipeline_inst/accumulation_stage_reg[8]
  -------------------------------------------------------------------
                         required time                          7.108    <hidden>
                         arrival time                          -7.212    <hidden>
  -------------------------------------------------------------------
                         slack                                 -0.105    <hidden>

Slack (VIOLATED) :        -0.105ns  (required time - arrival time)
  Source:                 kernel_memory_inst/kernel_counter_reg[1]/C
                            (rising edge-triggered cell FDRE clocked by sys_clk  {rise@0.000ns fall@1.250ns period=2.500ns})
  Destination:            genblk1[0].mac_pipeline_inst/accumulation_stage_reg[8]/CEB2
                            (rising edge-triggered cell DSP48E1 clocked by sys_clk  {rise@0.000ns fall@1.250ns period=2.500ns})
  Path Group:             sys_clk
  Path Type:              Setup (Max at Slow Process Corner)
  Requirement:            2.500ns  (sys_clk rise@2.500ns - sys_clk rise@0.000ns)
  Data Path Delay:        2.090ns  (logic 0.580ns (27.752%)  route 1.510ns (72.248%))
  Logic Levels:           1  (LUT5=1)
  Clock Path Skew:        0.035ns (DCD - SCD + CPR)
    Destination Clock Delay (DCD):    4.699ns = ( 7.199 - 2.500 ) 
    Source Clock Delay      (SCD):    5.122ns
    Clock Pessimism Removal (CPR):    0.458ns
  Clock Uncertainty:      0.035ns  ((TSJ^2 + TIJ^2)^1/2 + DJ) / 2 + PE
    Total System Jitter     (TSJ):    0.071ns
    Total Input Jitter      (TIJ):    0.000ns
    Discrete Jitter          (DJ):    0.000ns
    Phase Error              (PE):    0.000ns

    Location             Delay type                Incr(ns)  Path(ns)    Netlist Resource(s)
  -------------------------------------------------------------------    -------------------
                         (clock sys_clk rise edge)    0.000     0.000 r  <hidden>
    U7                                                0.000     0.000 r  clk
                         net (fo=0)                   0.000     0.000    clk
    U7                   IBUF (Prop_ibuf_I_O)         1.058     1.058 r  clk_IBUF_inst/O
                         net (fo=1, routed)           2.171     3.229    clk_IBUF
    BUFGCTRL_X0Y0        BUFG (Prop_bufg_I_O)         0.101     3.330 r  clk_IBUF_BUFG_inst/O
                         net (fo=131, routed)         1.792     5.122    kernel_memory_inst/clk_IBUF_BUFG
    SLICE_X105Y33        FDRE                                         r  kernel_memory_inst/kernel_counter_reg[1]/C
  -------------------------------------------------------------------    -------------------
    SLICE_X105Y33        FDRE (Prop_fdre_C_Q)         0.456     5.578 f  kernel_memory_inst/kernel_counter_reg[1]/Q
                         net (fo=5, routed)           0.672     6.251    kernel_memory_inst/kernel_counter_reg[1]
    SLICE_X103Y33        LUT5 (Prop_lut5_I0_O)        0.124     6.375 r  kernel_memory_inst/kernel_coefficients[8][7]_i_1/O
                         net (fo=77, routed)          0.838     7.212    genblk1[0].mac_pipeline_inst/accumulation_stage_reg[8]_0
    DSP48_X4Y17          DSP48E1                                      r  genblk1[0].mac_pipeline_inst/accumulation_stage_reg[8]/CEB2
  -------------------------------------------------------------------    -------------------

                         (clock sys_clk rise edge)    2.500     2.500 r  <hidden>
    U7                                                0.000     2.500 r  clk
                         net (fo=0)                   0.000     2.500    clk
    U7                   IBUF (Prop_ibuf_I_O)         0.924     3.424 r  clk_IBUF_inst/O
                         net (fo=1, routed)           1.972     5.396    clk_IBUF
    BUFGCTRL_X0Y0        BUFG (Prop_bufg_I_O)         0.091     5.487 r  clk_IBUF_BUFG_inst/O
                         net (fo=131, routed)         1.712     7.199    genblk1[0].mac_pipeline_inst/clk_IBUF_BUFG
    DSP48_X4Y17          DSP48E1                                      r  genblk1[0].mac_pipeline_inst/accumulation_stage_reg[8]/CLK
                         clock pessimism              0.458     7.657    <hidden>
                         clock uncertainty           -0.035     7.622    <hidden>
    DSP48_X4Y17          DSP48E1 (Setup_dsp48e1_CLK_CEB2)
                                                     -0.514     7.108    genblk1[0].mac_pipeline_inst/accumulation_stage_reg[8]
  -------------------------------------------------------------------
                         required time                          7.108    <hidden>
                         arrival time                          -7.212    <hidden>
  -------------------------------------------------------------------
                         slack                                 -0.105    <hidden>

Slack (VIOLATED) :        -0.069ns  (required time - arrival time)
  Source:                 kernel_memory_inst/kernel_counter_reg[1]/C
                            (rising edge-triggered cell FDRE clocked by sys_clk  {rise@0.000ns fall@1.250ns period=2.500ns})
  Destination:            genblk1[0].mac_pipeline_inst/accumulation_stage_reg[9]/CEB2
                            (rising edge-triggered cell DSP48E1 clocked by sys_clk  {rise@0.000ns fall@1.250ns period=2.500ns})
  Path Group:             sys_clk
  Path Type:              Setup (Max at Slow Process Corner)
  Requirement:            2.500ns  (sys_clk rise@2.500ns - sys_clk rise@0.000ns)
  Data Path Delay:        2.054ns  (logic 0.580ns (28.232%)  route 1.474ns (71.768%))
  Logic Levels:           1  (LUT5=1)
  Clock Path Skew:        0.035ns (DCD - SCD + CPR)
    Destination Clock Delay (DCD):    4.699ns = ( 7.199 - 2.500 ) 
    Source Clock Delay      (SCD):    5.122ns
    Clock Pessimism Removal (CPR):    0.458ns
  Clock Uncertainty:      0.035ns  ((TSJ^2 + TIJ^2)^1/2 + DJ) / 2 + PE
    Total System Jitter     (TSJ):    0.071ns
    Total Input Jitter      (TIJ):    0.000ns
    Discrete Jitter          (DJ):    0.000ns
    Phase Error              (PE):    0.000ns

    Location             Delay type                Incr(ns)  Path(ns)    Netlist Resource(s)
  -------------------------------------------------------------------    -------------------
                         (clock sys_clk rise edge)    0.000     0.000 r  <hidden>
    U7                                                0.000     0.000 r  clk
                         net (fo=0)                   0.000     0.000    clk
    U7                   IBUF (Prop_ibuf_I_O)         1.058     1.058 r  clk_IBUF_inst/O
                         net (fo=1, routed)           2.171     3.229    clk_IBUF
    BUFGCTRL_X0Y0        BUFG (Prop_bufg_I_O)         0.101     3.330 r  clk_IBUF_BUFG_inst/O
                         net (fo=131, routed)         1.792     5.122    kernel_memory_inst/clk_IBUF_BUFG
    SLICE_X105Y33        FDRE                                         r  kernel_memory_inst/kernel_counter_reg[1]/C
  -------------------------------------------------------------------    -------------------
    SLICE_X105Y33        FDRE (Prop_fdre_C_Q)         0.456     5.578 f  kernel_memory_inst/kernel_counter_reg[1]/Q
                         net (fo=5, routed)           0.672     6.251    kernel_memory_inst/kernel_counter_reg[1]
    SLICE_X103Y33        LUT5 (Prop_lut5_I0_O)        0.124     6.375 r  kernel_memory_inst/kernel_coefficients[8][7]_i_1/O
                         net (fo=77, routed)          0.802     7.177    genblk1[0].mac_pipeline_inst/accumulation_stage_reg[8]_0
    DSP48_X4Y18          DSP48E1                                      r  genblk1[0].mac_pipeline_inst/accumulation_stage_reg[9]/CEB2
  -------------------------------------------------------------------    -------------------

                         (clock sys_clk rise edge)    2.500     2.500 r  <hidden>
    U7                                                0.000     2.500 r  clk
                         net (fo=0)                   0.000     2.500    clk
    U7                   IBUF (Prop_ibuf_I_O)         0.924     3.424 r  clk_IBUF_inst/O
                         net (fo=1, routed)           1.972     5.396    clk_IBUF
    BUFGCTRL_X0Y0        BUFG (Prop_bufg_I_O)         0.091     5.487 r  clk_IBUF_BUFG_inst/O
                         net (fo=131, routed)         1.712     7.199    genblk1[0].mac_pipeline_inst/clk_IBUF_BUFG
    DSP48_X4Y18          DSP48E1                                      r  genblk1[0].mac_pipeline_inst/accumulation_stage_reg[9]/CLK
                         clock pessimism              0.458     7.657    <hidden>
                         clock uncertainty           -0.035     7.622    <hidden>
    DSP48_X4Y18          DSP48E1 (Setup_dsp48e1_CLK_CEB2)
                                                     -0.514     7.108    genblk1[0].mac_pipeline_inst/accumulation_stage_reg[9]
  -------------------------------------------------------------------
                         required time                          7.108    <hidden>
                         arrival time                          -7.177    <hidden>
  -------------------------------------------------------------------
                         slack                                 -0.069    <hidden>

Slack (VIOLATED) :        -0.056ns  (required time - arrival time)
  Source:                 kernel_memory_inst/kernel_counter_reg[1]/C
                            (rising edge-triggered cell FDRE clocked by sys_clk  {rise@0.000ns fall@1.250ns period=2.500ns})
  Destination:            genblk1[0].mac_pipeline_inst/accumulation_stage_reg[6]/CEB1
                            (rising edge-triggered cell DSP48E1 clocked by sys_clk  {rise@0.000ns fall@1.250ns period=2.500ns})
  Path Group:             sys_clk
  Path Type:              Setup (Max at Slow Process Corner)
  Requirement:            2.500ns  (sys_clk rise@2.500ns - sys_clk rise@0.000ns)
  Data Path Delay:        2.038ns  (logic 0.580ns (28.462%)  route 1.458ns (71.538%))
  Logic Levels:           1  (LUT5=1)
  Clock Path Skew:        0.032ns (DCD - SCD + CPR)
    Destination Clock Delay (DCD):    4.696ns = ( 7.196 - 2.500 ) 
    Source Clock Delay      (SCD):    5.122ns
    Clock Pessimism Removal (CPR):    0.458ns
  Clock Uncertainty:      0.035ns  ((TSJ^2 + TIJ^2)^1/2 + DJ) / 2 + PE
    Total System Jitter     (TSJ):    0.071ns
    Total Input Jitter      (TIJ):    0.000ns
    Discrete Jitter          (DJ):    0.000ns
    Phase Error              (PE):    0.000ns

    Location             Delay type                Incr(ns)  Path(ns)    Netlist Resource(s)
  -------------------------------------------------------------------    -------------------
                         (clock sys_clk rise edge)    0.000     0.000 r  <hidden>
    U7                                                0.000     0.000 r  clk
                         net (fo=0)                   0.000     0.000    clk
    U7                   IBUF (Prop_ibuf_I_O)         1.058     1.058 r  clk_IBUF_inst/O
                         net (fo=1, routed)           2.171     3.229    clk_IBUF
    BUFGCTRL_X0Y0        BUFG (Prop_bufg_I_O)         0.101     3.330 r  clk_IBUF_BUFG_inst/O
                         net (fo=131, routed)         1.792     5.122    kernel_memory_inst/clk_IBUF_BUFG
    SLICE_X105Y33        FDRE                                         r  kernel_memory_inst/kernel_counter_reg[1]/C
  -------------------------------------------------------------------    -------------------
    SLICE_X105Y33        FDRE (Prop_fdre_C_Q)         0.456     5.578 f  kernel_memory_inst/kernel_counter_reg[1]/Q
                         net (fo=5, routed)           0.672     6.251    kernel_memory_inst/kernel_counter_reg[1]
    SLICE_X103Y33        LUT5 (Prop_lut5_I0_O)        0.124     6.375 r  kernel_memory_inst/kernel_coefficients[8][7]_i_1/O
                         net (fo=77, routed)          0.786     7.160    genblk1[0].mac_pipeline_inst/accumulation_stage_reg[8]_0
    DSP48_X4Y15          DSP48E1                                      r  genblk1[0].mac_pipeline_inst/accumulation_stage_reg[6]/CEB1
  -------------------------------------------------------------------    -------------------

                         (clock sys_clk rise edge)    2.500     2.500 r  <hidden>
    U7                                                0.000     2.500 r  clk
                         net (fo=0)                   0.000     2.500    clk
    U7                   IBUF (Prop_ibuf_I_O)         0.924     3.424 r  clk_IBUF_inst/O
                         net (fo=1, routed)           1.972     5.396    clk_IBUF
    BUFGCTRL_X0Y0        BUFG (Prop_bufg_I_O)         0.091     5.487 r  clk_IBUF_BUFG_inst/O
                         net (fo=131, routed)         1.709     7.196    genblk1[0].mac_pipeline_inst/clk_IBUF_BUFG
    DSP48_X4Y15          DSP48E1                                      r  genblk1[0].mac_pipeline_inst/accumulation_stage_reg[6]/CLK
                         clock pessimism              0.458     7.654    <hidden>
                         clock uncertainty           -0.035     7.619    <hidden>
    DSP48_X4Y15          DSP48E1 (Setup_dsp48e1_CLK_CEB1)
                                                     -0.514     7.105    genblk1[0].mac_pipeline_inst/accumulation_stage_reg[6]
  -------------------------------------------------------------------
                         required time                          7.105    <hidden>
                         arrival time                          -7.160    <hidden>
  -------------------------------------------------------------------
                         slack                                 -0.056    <hidden>

Slack (VIOLATED) :        -0.056ns  (required time - arrival time)
  Source:                 kernel_memory_inst/kernel_counter_reg[1]/C
                            (rising edge-triggered cell FDRE clocked by sys_clk  {rise@0.000ns fall@1.250ns period=2.500ns})
  Destination:            genblk1[0].mac_pipeline_inst/accumulation_stage_reg[6]/CEB2
                            (rising edge-triggered cell DSP48E1 clocked by sys_clk  {rise@0.000ns fall@1.250ns period=2.500ns})
  Path Group:             sys_clk
  Path Type:              Setup (Max at Slow Process Corner)
  Requirement:            2.500ns  (sys_clk rise@2.500ns - sys_clk rise@0.000ns)
  Data Path Delay:        2.038ns  (logic 0.580ns (28.462%)  route 1.458ns (71.538%))
  Logic Levels:           1  (LUT5=1)
  Clock Path Skew:        0.032ns (DCD - SCD + CPR)
    Destination Clock Delay (DCD):    4.696ns = ( 7.196 - 2.500 ) 
    Source Clock Delay      (SCD):    5.122ns
    Clock Pessimism Removal (CPR):    0.458ns
  Clock Uncertainty:      0.035ns  ((TSJ^2 + TIJ^2)^1/2 + DJ) / 2 + PE
    Total System Jitter     (TSJ):    0.071ns
    Total Input Jitter      (TIJ):    0.000ns
    Discrete Jitter          (DJ):    0.000ns
    Phase Error              (PE):    0.000ns

    Location             Delay type                Incr(ns)  Path(ns)    Netlist Resource(s)
  -------------------------------------------------------------------    -------------------
                         (clock sys_clk rise edge)    0.000     0.000 r  <hidden>
    U7                                                0.000     0.000 r  clk
                         net (fo=0)                   0.000     0.000    clk
    U7                   IBUF (Prop_ibuf_I_O)         1.058     1.058 r  clk_IBUF_inst/O
                         net (fo=1, routed)           2.171     3.229    clk_IBUF
    BUFGCTRL_X0Y0        BUFG (Prop_bufg_I_O)         0.101     3.330 r  clk_IBUF_BUFG_inst/O
                         net (fo=131, routed)         1.792     5.122    kernel_memory_inst/clk_IBUF_BUFG
    SLICE_X105Y33        FDRE                                         r  kernel_memory_inst/kernel_counter_reg[1]/C
  -------------------------------------------------------------------    -------------------
    SLICE_X105Y33        FDRE (Prop_fdre_C_Q)         0.456     5.578 f  kernel_memory_inst/kernel_counter_reg[1]/Q
                         net (fo=5, routed)           0.672     6.251    kernel_memory_inst/kernel_counter_reg[1]
    SLICE_X103Y33        LUT5 (Prop_lut5_I0_O)        0.124     6.375 r  kernel_memory_inst/kernel_coefficients[8][7]_i_1/O
                         net (fo=77, routed)          0.786     7.160    genblk1[0].mac_pipeline_inst/accumulation_stage_reg[8]_0
    DSP48_X4Y15          DSP48E1                                      r  genblk1[0].mac_pipeline_inst/accumulation_stage_reg[6]/CEB2
  -------------------------------------------------------------------    -------------------

                         (clock sys_clk rise edge)    2.500     2.500 r  <hidden>
    U7                                                0.000     2.500 r  clk
                         net (fo=0)                   0.000     2.500    clk
    U7                   IBUF (Prop_ibuf_I_O)         0.924     3.424 r  clk_IBUF_inst/O
                         net (fo=1, routed)           1.972     5.396    clk_IBUF
    BUFGCTRL_X0Y0        BUFG (Prop_bufg_I_O)         0.091     5.487 r  clk_IBUF_BUFG_inst/O
                         net (fo=131, routed)         1.709     7.196    genblk1[0].mac_pipeline_inst/clk_IBUF_BUFG
    DSP48_X4Y15          DSP48E1                                      r  genblk1[0].mac_pipeline_inst/accumulation_stage_reg[6]/CLK
                         clock pessimism              0.458     7.654    <hidden>
                         clock uncertainty           -0.035     7.619    <hidden>
    DSP48_X4Y15          DSP48E1 (Setup_dsp48e1_CLK_CEB2)
                                                     -0.514     7.105    genblk1[0].mac_pipeline_inst/accumulation_stage_reg[6]
  -------------------------------------------------------------------
                         required time                          7.105    <hidden>
                         arrival time                          -7.160    <hidden>
  -------------------------------------------------------------------
                         slack                                 -0.056    <hidden>

Slack (VIOLATED) :        -0.033ns  (required time - arrival time)
  Source:                 kernel_memory_inst/kernel_counter_reg[1]/C
                            (rising edge-triggered cell FDRE clocked by sys_clk  {rise@0.000ns fall@1.250ns period=2.500ns})
  Destination:            genblk1[0].mac_pipeline_inst/accumulation_stage_reg[1]/CEB1
                            (rising edge-triggered cell DSP48E1 clocked by sys_clk  {rise@0.000ns fall@1.250ns period=2.500ns})
  Path Group:             sys_clk
  Path Type:              Setup (Max at Slow Process Corner)
  Requirement:            2.500ns  (sys_clk rise@2.500ns - sys_clk rise@0.000ns)
  Data Path Delay:        2.003ns  (logic 0.580ns (28.955%)  route 1.423ns (71.045%))
  Logic Levels:           1  (LUT5=1)
  Clock Path Skew:        0.020ns (DCD - SCD + CPR)
    Destination Clock Delay (DCD):    4.684ns = ( 7.184 - 2.500 ) 
    Source Clock Delay      (SCD):    5.122ns
    Clock Pessimism Removal (CPR):    0.458ns
  Clock Uncertainty:      0.035ns  ((TSJ^2 + TIJ^2)^1/2 + DJ) / 2 + PE
    Total System Jitter     (TSJ):    0.071ns
    Total Input Jitter      (TIJ):    0.000ns
    Discrete Jitter          (DJ):    0.000ns
    Phase Error              (PE):    0.000ns

    Location             Delay type                Incr(ns)  Path(ns)    Netlist Resource(s)
  -------------------------------------------------------------------    -------------------
                         (clock sys_clk rise edge)    0.000     0.000 r  <hidden>
    U7                                                0.000     0.000 r  clk
                         net (fo=0)                   0.000     0.000    clk
    U7                   IBUF (Prop_ibuf_I_O)         1.058     1.058 r  clk_IBUF_inst/O
                         net (fo=1, routed)           2.171     3.229    clk_IBUF
    BUFGCTRL_X0Y0        BUFG (Prop_bufg_I_O)         0.101     3.330 r  clk_IBUF_BUFG_inst/O
                         net (fo=131, routed)         1.792     5.122    kernel_memory_inst/clk_IBUF_BUFG
    SLICE_X105Y33        FDRE                                         r  kernel_memory_inst/kernel_counter_reg[1]/C
  -------------------------------------------------------------------    -------------------
    SLICE_X105Y33        FDRE (Prop_fdre_C_Q)         0.456     5.578 f  kernel_memory_inst/kernel_counter_reg[1]/Q
                         net (fo=5, routed)           0.672     6.251    kernel_memory_inst/kernel_counter_reg[1]
    SLICE_X103Y33        LUT5 (Prop_lut5_I0_O)        0.124     6.375 r  kernel_memory_inst/kernel_coefficients[8][7]_i_1/O
                         net (fo=77, routed)          0.751     7.126    genblk1[0].mac_pipeline_inst/accumulation_stage_reg[8]_0
    DSP48_X4Y10          DSP48E1                                      r  genblk1[0].mac_pipeline_inst/accumulation_stage_reg[1]/CEB1
  -------------------------------------------------------------------    -------------------

                         (clock sys_clk rise edge)    2.500     2.500 r  <hidden>
    U7                                                0.000     2.500 r  clk
                         net (fo=0)                   0.000     2.500    clk
    U7                   IBUF (Prop_ibuf_I_O)         0.924     3.424 r  clk_IBUF_inst/O
                         net (fo=1, routed)           1.972     5.396    clk_IBUF
    BUFGCTRL_X0Y0        BUFG (Prop_bufg_I_O)         0.091     5.487 r  clk_IBUF_BUFG_inst/O
                         net (fo=131, routed)         1.697     7.184    genblk1[0].mac_pipeline_inst/clk_IBUF_BUFG
    DSP48_X4Y10          DSP48E1                                      r  genblk1[0].mac_pipeline_inst/accumulation_stage_reg[1]/CLK
                         clock pessimism              0.458     7.642    <hidden>
                         clock uncertainty           -0.035     7.607    <hidden>
    DSP48_X4Y10          DSP48E1 (Setup_dsp48e1_CLK_CEB1)
                                                     -0.514     7.093    genblk1[0].mac_pipeline_inst/accumulation_stage_reg[1]
  -------------------------------------------------------------------
                         required time                          7.093    <hidden>
                         arrival time                          -7.126    <hidden>
  -------------------------------------------------------------------
                         slack                                 -0.033    <hidden>

Slack (VIOLATED) :        -0.033ns  (required time - arrival time)
  Source:                 kernel_memory_inst/kernel_counter_reg[1]/C
                            (rising edge-triggered cell FDRE clocked by sys_clk  {rise@0.000ns fall@1.250ns period=2.500ns})
  Destination:            genblk1[0].mac_pipeline_inst/accumulation_stage_reg[1]/CEB2
                            (rising edge-triggered cell DSP48E1 clocked by sys_clk  {rise@0.000ns fall@1.250ns period=2.500ns})
  Path Group:             sys_clk
  Path Type:              Setup (Max at Slow Process Corner)
  Requirement:            2.500ns  (sys_clk rise@2.500ns - sys_clk rise@0.000ns)
  Data Path Delay:        2.003ns  (logic 0.580ns (28.955%)  route 1.423ns (71.045%))
  Logic Levels:           1  (LUT5=1)
  Clock Path Skew:        0.020ns (DCD - SCD + CPR)
    Destination Clock Delay (DCD):    4.684ns = ( 7.184 - 2.500 ) 
    Source Clock Delay      (SCD):    5.122ns
    Clock Pessimism Removal (CPR):    0.458ns
  Clock Uncertainty:      0.035ns  ((TSJ^2 + TIJ^2)^1/2 + DJ) / 2 + PE
    Total System Jitter     (TSJ):    0.071ns
    Total Input Jitter      (TIJ):    0.000ns
    Discrete Jitter          (DJ):    0.000ns
    Phase Error              (PE):    0.000ns

    Location             Delay type                Incr(ns)  Path(ns)    Netlist Resource(s)
  -------------------------------------------------------------------    -------------------
                         (clock sys_clk rise edge)    0.000     0.000 r  <hidden>
    U7                                                0.000     0.000 r  clk
                         net (fo=0)                   0.000     0.000    clk
    U7                   IBUF (Prop_ibuf_I_O)         1.058     1.058 r  clk_IBUF_inst/O
                         net (fo=1, routed)           2.171     3.229    clk_IBUF
    BUFGCTRL_X0Y0        BUFG (Prop_bufg_I_O)         0.101     3.330 r  clk_IBUF_BUFG_inst/O
                         net (fo=131, routed)         1.792     5.122    kernel_memory_inst/clk_IBUF_BUFG
    SLICE_X105Y33        FDRE                                         r  kernel_memory_inst/kernel_counter_reg[1]/C
  -------------------------------------------------------------------    -------------------
    SLICE_X105Y33        FDRE (Prop_fdre_C_Q)         0.456     5.578 f  kernel_memory_inst/kernel_counter_reg[1]/Q
                         net (fo=5, routed)           0.672     6.251    kernel_memory_inst/kernel_counter_reg[1]
    SLICE_X103Y33        LUT5 (Prop_lut5_I0_O)        0.124     6.375 r  kernel_memory_inst/kernel_coefficients[8][7]_i_1/O
                         net (fo=77, routed)          0.751     7.126    genblk1[0].mac_pipeline_inst/accumulation_stage_reg[8]_0
    DSP48_X4Y10          DSP48E1                                      r  genblk1[0].mac_pipeline_inst/accumulation_stage_reg[1]/CEB2
  -------------------------------------------------------------------    -------------------

                         (clock sys_clk rise edge)    2.500     2.500 r  <hidden>
    U7                                                0.000     2.500 r  clk
                         net (fo=0)                   0.000     2.500    clk
    U7                   IBUF (Prop_ibuf_I_O)         0.924     3.424 r  clk_IBUF_inst/O
                         net (fo=1, routed)           1.972     5.396    clk_IBUF
    BUFGCTRL_X0Y0        BUFG (Prop_bufg_I_O)         0.091     5.487 r  clk_IBUF_BUFG_inst/O
                         net (fo=131, routed)         1.697     7.184    genblk1[0].mac_pipeline_inst/clk_IBUF_BUFG
    DSP48_X4Y10          DSP48E1                                      r  genblk1[0].mac_pipeline_inst/accumulation_stage_reg[1]/CLK
                         clock pessimism              0.458     7.642    <hidden>
                         clock uncertainty           -0.035     7.607    <hidden>
    DSP48_X4Y10          DSP48E1 (Setup_dsp48e1_CLK_CEB2)
                                                     -0.514     7.093    genblk1[0].mac_pipeline_inst/accumulation_stage_reg[1]
  -------------------------------------------------------------------
                         required time                          7.093    <hidden>
                         arrival time                          -7.126    <hidden>
  -------------------------------------------------------------------
                         slack                                 -0.033    <hidden>

Slack (VIOLATED) :        -0.029ns  (required time - arrival time)
  Source:                 kernel_memory_inst/kernel_counter_reg[1]/C
                            (rising edge-triggered cell FDRE clocked by sys_clk  {rise@0.000ns fall@1.250ns period=2.500ns})
  Destination:            genblk1[0].mac_pipeline_inst/accumulation_stage_reg[2]/CEB1
                            (rising edge-triggered cell DSP48E1 clocked by sys_clk  {rise@0.000ns fall@1.250ns period=2.500ns})
  Path Group:             sys_clk
  Path Type:              Setup (Max at Slow Process Corner)
  Requirement:            2.500ns  (sys_clk rise@2.500ns - sys_clk rise@0.000ns)
  Data Path Delay:        2.002ns  (logic 0.580ns (28.969%)  route 1.422ns (71.031%))
  Logic Levels:           1  (LUT5=1)
  Clock Path Skew:        0.023ns (DCD - SCD + CPR)
    Destination Clock Delay (DCD):    4.687ns = ( 7.187 - 2.500 ) 
    Source Clock Delay      (SCD):    5.122ns
    Clock Pessimism Removal (CPR):    0.458ns
  Clock Uncertainty:      0.035ns  ((TSJ^2 + TIJ^2)^1/2 + DJ) / 2 + PE
    Total System Jitter     (TSJ):    0.071ns
    Total Input Jitter      (TIJ):    0.000ns
    Discrete Jitter          (DJ):    0.000ns
    Phase Error              (PE):    0.000ns

    Location             Delay type                Incr(ns)  Path(ns)    Netlist Resource(s)
  -------------------------------------------------------------------    -------------------
                         (clock sys_clk rise edge)    0.000     0.000 r  <hidden>
    U7                                                0.000     0.000 r  clk
                         net (fo=0)                   0.000     0.000    clk
    U7                   IBUF (Prop_ibuf_I_O)         1.058     1.058 r  clk_IBUF_inst/O
                         net (fo=1, routed)           2.171     3.229    clk_IBUF
    BUFGCTRL_X0Y0        BUFG (Prop_bufg_I_O)         0.101     3.330 r  clk_IBUF_BUFG_inst/O
                         net (fo=131, routed)         1.792     5.122    kernel_memory_inst/clk_IBUF_BUFG
    SLICE_X105Y33        FDRE                                         r  kernel_memory_inst/kernel_counter_reg[1]/C
  -------------------------------------------------------------------    -------------------
    SLICE_X105Y33        FDRE (Prop_fdre_C_Q)         0.456     5.578 f  kernel_memory_inst/kernel_counter_reg[1]/Q
                         net (fo=5, routed)           0.672     6.251    kernel_memory_inst/kernel_counter_reg[1]
    SLICE_X103Y33        LUT5 (Prop_lut5_I0_O)        0.124     6.375 r  kernel_memory_inst/kernel_coefficients[8][7]_i_1/O
                         net (fo=77, routed)          0.750     7.125    genblk1[0].mac_pipeline_inst/accumulation_stage_reg[8]_0
    DSP48_X4Y11          DSP48E1                                      r  genblk1[0].mac_pipeline_inst/accumulation_stage_reg[2]/CEB1
  -------------------------------------------------------------------    -------------------

                         (clock sys_clk rise edge)    2.500     2.500 r  <hidden>
    U7                                                0.000     2.500 r  clk
                         net (fo=0)                   0.000     2.500    clk
    U7                   IBUF (Prop_ibuf_I_O)         0.924     3.424 r  clk_IBUF_inst/O
                         net (fo=1, routed)           1.972     5.396    clk_IBUF
    BUFGCTRL_X0Y0        BUFG (Prop_bufg_I_O)         0.091     5.487 r  clk_IBUF_BUFG_inst/O
                         net (fo=131, routed)         1.700     7.187    genblk1[0].mac_pipeline_inst/clk_IBUF_BUFG
    DSP48_X4Y11          DSP48E1                                      r  genblk1[0].mac_pipeline_inst/accumulation_stage_reg[2]/CLK
                         clock pessimism              0.458     7.645    <hidden>
                         clock uncertainty           -0.035     7.610    <hidden>
    DSP48_X4Y11          DSP48E1 (Setup_dsp48e1_CLK_CEB1)
                                                     -0.514     7.096    genblk1[0].mac_pipeline_inst/accumulation_stage_reg[2]
  -------------------------------------------------------------------
                         required time                          7.096    <hidden>
                         arrival time                          -7.125    <hidden>
  -------------------------------------------------------------------
                         slack                                 -0.029    <hidden>

Slack (VIOLATED) :        -0.029ns  (required time - arrival time)
  Source:                 kernel_memory_inst/kernel_counter_reg[1]/C
                            (rising edge-triggered cell FDRE clocked by sys_clk  {rise@0.000ns fall@1.250ns period=2.500ns})
  Destination:            genblk1[0].mac_pipeline_inst/accumulation_stage_reg[2]/CEB2
                            (rising edge-triggered cell DSP48E1 clocked by sys_clk  {rise@0.000ns fall@1.250ns period=2.500ns})
  Path Group:             sys_clk
  Path Type:              Setup (Max at Slow Process Corner)
  Requirement:            2.500ns  (sys_clk rise@2.500ns - sys_clk rise@0.000ns)
  Data Path Delay:        2.002ns  (logic 0.580ns (28.969%)  route 1.422ns (71.031%))
  Logic Levels:           1  (LUT5=1)
  Clock Path Skew:        0.023ns (DCD - SCD + CPR)
    Destination Clock Delay (DCD):    4.687ns = ( 7.187 - 2.500 ) 
    Source Clock Delay      (SCD):    5.122ns
    Clock Pessimism Removal (CPR):    0.458ns
  Clock Uncertainty:      0.035ns  ((TSJ^2 + TIJ^2)^1/2 + DJ) / 2 + PE
    Total System Jitter     (TSJ):    0.071ns
    Total Input Jitter      (TIJ):    0.000ns
    Discrete Jitter          (DJ):    0.000ns
    Phase Error              (PE):    0.000ns

    Location             Delay type                Incr(ns)  Path(ns)    Netlist Resource(s)
  -------------------------------------------------------------------    -------------------
                         (clock sys_clk rise edge)    0.000     0.000 r  <hidden>
    U7                                                0.000     0.000 r  clk
                         net (fo=0)                   0.000     0.000    clk
    U7                   IBUF (Prop_ibuf_I_O)         1.058     1.058 r  clk_IBUF_inst/O
                         net (fo=1, routed)           2.171     3.229    clk_IBUF
    BUFGCTRL_X0Y0        BUFG (Prop_bufg_I_O)         0.101     3.330 r  clk_IBUF_BUFG_inst/O
                         net (fo=131, routed)         1.792     5.122    kernel_memory_inst/clk_IBUF_BUFG
    SLICE_X105Y33        FDRE                                         r  kernel_memory_inst/kernel_counter_reg[1]/C
  -------------------------------------------------------------------    -------------------
    SLICE_X105Y33        FDRE (Prop_fdre_C_Q)         0.456     5.578 f  kernel_memory_inst/kernel_counter_reg[1]/Q
                         net (fo=5, routed)           0.672     6.251    kernel_memory_inst/kernel_counter_reg[1]
    SLICE_X103Y33        LUT5 (Prop_lut5_I0_O)        0.124     6.375 r  kernel_memory_inst/kernel_coefficients[8][7]_i_1/O
                         net (fo=77, routed)          0.750     7.125    genblk1[0].mac_pipeline_inst/accumulation_stage_reg[8]_0
    DSP48_X4Y11          DSP48E1                                      r  genblk1[0].mac_pipeline_inst/accumulation_stage_reg[2]/CEB2
  -------------------------------------------------------------------    -------------------

                         (clock sys_clk rise edge)    2.500     2.500 r  <hidden>
    U7                                                0.000     2.500 r  clk
                         net (fo=0)                   0.000     2.500    clk
    U7                   IBUF (Prop_ibuf_I_O)         0.924     3.424 r  clk_IBUF_inst/O
                         net (fo=1, routed)           1.972     5.396    clk_IBUF
    BUFGCTRL_X0Y0        BUFG (Prop_bufg_I_O)         0.091     5.487 r  clk_IBUF_BUFG_inst/O
                         net (fo=131, routed)         1.700     7.187    genblk1[0].mac_pipeline_inst/clk_IBUF_BUFG
    DSP48_X4Y11          DSP48E1                                      r  genblk1[0].mac_pipeline_inst/accumulation_stage_reg[2]/CLK
                         clock pessimism              0.458     7.645    <hidden>
                         clock uncertainty           -0.035     7.610    <hidden>
    DSP48_X4Y11          DSP48E1 (Setup_dsp48e1_CLK_CEB2)
                                                     -0.514     7.096    genblk1[0].mac_pipeline_inst/accumulation_stage_reg[2]
  -------------------------------------------------------------------
                         required time                          7.096    <hidden>
                         arrival time                          -7.125    <hidden>
  -------------------------------------------------------------------
                         slack                                 -0.029    <hidden>

Slack (VIOLATED) :        -0.028ns  (required time - arrival time)
  Source:                 kernel_memory_inst/kernel_counter_reg[1]/C
                            (rising edge-triggered cell FDRE clocked by sys_clk  {rise@0.000ns fall@1.250ns period=2.500ns})
  Destination:            genblk1[0].mac_pipeline_inst/accumulation_stage_reg[7]/CEB1
                            (rising edge-triggered cell DSP48E1 clocked by sys_clk  {rise@0.000ns fall@1.250ns period=2.500ns})
  Path Group:             sys_clk
  Path Type:              Setup (Max at Slow Process Corner)
  Requirement:            2.500ns  (sys_clk rise@2.500ns - sys_clk rise@0.000ns)
  Data Path Delay:        2.012ns  (logic 0.580ns (28.827%)  route 1.432ns (71.173%))
  Logic Levels:           1  (LUT5=1)
  Clock Path Skew:        0.034ns (DCD - SCD + CPR)
    Destination Clock Delay (DCD):    4.698ns = ( 7.198 - 2.500 ) 
    Source Clock Delay      (SCD):    5.122ns
    Clock Pessimism Removal (CPR):    0.458ns
  Clock Uncertainty:      0.035ns  ((TSJ^2 + TIJ^2)^1/2 + DJ) / 2 + PE
    Total System Jitter     (TSJ):    0.071ns
    Total Input Jitter      (TIJ):    0.000ns
    Discrete Jitter          (DJ):    0.000ns
    Phase Error              (PE):    0.000ns

    Location             Delay type                Incr(ns)  Path(ns)    Netlist Resource(s)
  -------------------------------------------------------------------    -------------------
                         (clock sys_clk rise edge)    0.000     0.000 r  <hidden>
    U7                                                0.000     0.000 r  clk
                         net (fo=0)                   0.000     0.000    clk
    U7                   IBUF (Prop_ibuf_I_O)         1.058     1.058 r  clk_IBUF_inst/O
                         net (fo=1, routed)           2.171     3.229    clk_IBUF
    BUFGCTRL_X0Y0        BUFG (Prop_bufg_I_O)         0.101     3.330 r  clk_IBUF_BUFG_inst/O
                         net (fo=131, routed)         1.792     5.122    kernel_memory_inst/clk_IBUF_BUFG
    SLICE_X105Y33        FDRE                                         r  kernel_memory_inst/kernel_counter_reg[1]/C
  -------------------------------------------------------------------    -------------------
    SLICE_X105Y33        FDRE (Prop_fdre_C_Q)         0.456     5.578 f  kernel_memory_inst/kernel_counter_reg[1]/Q
                         net (fo=5, routed)           0.672     6.251    kernel_memory_inst/kernel_counter_reg[1]
    SLICE_X103Y33        LUT5 (Prop_lut5_I0_O)        0.124     6.375 r  kernel_memory_inst/kernel_coefficients[8][7]_i_1/O
                         net (fo=77, routed)          0.760     7.134    genblk1[0].mac_pipeline_inst/accumulation_stage_reg[8]_0
    DSP48_X4Y16          DSP48E1                                      r  genblk1[0].mac_pipeline_inst/accumulation_stage_reg[7]/CEB1
  -------------------------------------------------------------------    -------------------

                         (clock sys_clk rise edge)    2.500     2.500 r  <hidden>
    U7                                                0.000     2.500 r  clk
                         net (fo=0)                   0.000     2.500    clk
    U7                   IBUF (Prop_ibuf_I_O)         0.924     3.424 r  clk_IBUF_inst/O
                         net (fo=1, routed)           1.972     5.396    clk_IBUF
    BUFGCTRL_X0Y0        BUFG (Prop_bufg_I_O)         0.091     5.487 r  clk_IBUF_BUFG_inst/O
                         net (fo=131, routed)         1.711     7.198    genblk1[0].mac_pipeline_inst/clk_IBUF_BUFG
    DSP48_X4Y16          DSP48E1                                      r  genblk1[0].mac_pipeline_inst/accumulation_stage_reg[7]/CLK
                         clock pessimism              0.458     7.656    <hidden>
                         clock uncertainty           -0.035     7.621    <hidden>
    DSP48_X4Y16          DSP48E1 (Setup_dsp48e1_CLK_CEB1)
                                                     -0.514     7.107    genblk1[0].mac_pipeline_inst/accumulation_stage_reg[7]
  -------------------------------------------------------------------
                         required time                          7.107    <hidden>
                         arrival time                          -7.134    <hidden>
  -------------------------------------------------------------------
                         slack                                 -0.028    <hidden>





Min Delay Paths
--------------------------------------------------------------------------------------
Slack (MET) :             0.171ns  (arrival time - required time)
  Source:                 kernel_memory_inst/kernel_coefficients_reg[3][4]/C
                            (rising edge-triggered cell FDRE clocked by sys_clk  {rise@0.000ns fall@1.250ns period=2.500ns})
  Destination:            kernel_memory_inst/kernel_coefficients_reg[2][4]/D
                            (rising edge-triggered cell FDRE clocked by sys_clk  {rise@0.000ns fall@1.250ns period=2.500ns})
  Path Group:             sys_clk
  Path Type:              Hold (Min at Fast Process Corner)
  Requirement:            0.000ns  (sys_clk rise@0.000ns - sys_clk rise@0.000ns)
  Data Path Delay:        0.269ns  (logic 0.141ns (52.333%)  route 0.128ns (47.667%))
  Logic Levels:           0  
  Clock Path Skew:        0.034ns (DCD - SCD - CPR)
    Destination Clock Delay (DCD):    2.099ns
    Source Clock Delay      (SCD):    1.583ns
    Clock Pessimism Removal (CPR):    0.482ns

    Location             Delay type                Incr(ns)  Path(ns)    Netlist Resource(s)
  -------------------------------------------------------------------    -------------------
                         (clock sys_clk rise edge)    0.000     0.000 r  <hidden>
    U7                                                0.000     0.000 r  clk
                         net (fo=0)                   0.000     0.000    clk
    U7                   IBUF (Prop_ibuf_I_O)         0.286     0.286 r  clk_IBUF_inst/O
                         net (fo=1, routed)           0.663     0.949    clk_IBUF
    BUFGCTRL_X0Y0        BUFG (Prop_bufg_I_O)         0.026     0.975 r  clk_IBUF_BUFG_inst/O
                         net (fo=131, routed)         0.608     1.583    kernel_memory_inst/clk_IBUF_BUFG
    SLICE_X103Y34        FDRE                                         r  kernel_memory_inst/kernel_coefficients_reg[3][4]/C
  -------------------------------------------------------------------    -------------------
    SLICE_X103Y34        FDRE (Prop_fdre_C_Q)         0.141     1.724 r  kernel_memory_inst/kernel_coefficients_reg[3][4]/Q
                         net (fo=2, routed)           0.128     1.853    kernel_memory_inst/kernel_coefficients_reg[3][7]_0[4]
    SLICE_X104Y33        FDRE                                         r  kernel_memory_inst/kernel_coefficients_reg[2][4]/D
  -------------------------------------------------------------------    -------------------

                         (clock sys_clk rise edge)    0.000     0.000 r  <hidden>
    U7                                                0.000     0.000 r  clk
                         net (fo=0)                   0.000     0.000    clk
    U7                   IBUF (Prop_ibuf_I_O)         0.476     0.476 r  clk_IBUF_inst/O
                         net (fo=1, routed)           0.719     1.195    clk_IBUF
    BUFGCTRL_X0Y0        BUFG (Prop_bufg_I_O)         0.029     1.224 r  clk_IBUF_BUFG_inst/O
                         net (fo=131, routed)         0.875     2.099    kernel_memory_inst/clk_IBUF_BUFG
    SLICE_X104Y33        FDRE                                         r  kernel_memory_inst/kernel_coefficients_reg[2][4]/C
                         clock pessimism             -0.482     1.617    <hidden>
    SLICE_X104Y33        FDRE (Hold_fdre_C_D)         0.064     1.681    kernel_memory_inst/kernel_coefficients_reg[2][4]
  -------------------------------------------------------------------
                         required time                         -1.681    <hidden>
                         arrival time                           1.853    <hidden>
  -------------------------------------------------------------------
                         slack                                  0.171    <hidden>

Slack (MET) :             0.178ns  (arrival time - required time)
  Source:                 kernel_memory_inst/kernel_coefficients_reg[6][5]/C
                            (rising edge-triggered cell FDRE clocked by sys_clk  {rise@0.000ns fall@1.250ns period=2.500ns})
  Destination:            kernel_memory_inst/kernel_coefficients_reg[5][5]/D
                            (rising edge-triggered cell FDRE clocked by sys_clk  {rise@0.000ns fall@1.250ns period=2.500ns})
  Path Group:             sys_clk
  Path Type:              Hold (Min at Fast Process Corner)
  Requirement:            0.000ns  (sys_clk rise@0.000ns - sys_clk rise@0.000ns)
  Data Path Delay:        0.260ns  (logic 0.141ns (54.163%)  route 0.119ns (45.837%))
  Logic Levels:           0  
  Clock Path Skew:        0.035ns (DCD - SCD - CPR)
    Destination Clock Delay (DCD):    2.098ns
    Source Clock Delay      (SCD):    1.581ns
    Clock Pessimism Removal (CPR):    0.482ns

    Location             Delay type                Incr(ns)  Path(ns)    Netlist Resource(s)
  -------------------------------------------------------------------    -------------------
                         (clock sys_clk rise edge)    0.000     0.000 r  <hidden>
    U7                                                0.000     0.000 r  clk
                         net (fo=0)                   0.000     0.000    clk
    U7                   IBUF (Prop_ibuf_I_O)         0.286     0.286 r  clk_IBUF_inst/O
                         net (fo=1, routed)           0.663     0.949    clk_IBUF
    BUFGCTRL_X0Y0        BUFG (Prop_bufg_I_O)         0.026     0.975 r  clk_IBUF_BUFG_inst/O
                         net (fo=131, routed)         0.606     1.581    kernel_memory_inst/clk_IBUF_BUFG
    SLICE_X105Y32        FDRE                                         r  kernel_memory_inst/kernel_coefficients_reg[6][5]/C
  -------------------------------------------------------------------    -------------------
    SLICE_X105Y32        FDRE (Prop_fdre_C_Q)         0.141     1.722 r  kernel_memory_inst/kernel_coefficients_reg[6][5]/Q
                         net (fo=2, routed)           0.119     1.841    kernel_memory_inst/kernel_coefficients_reg[6][7]_0[5]
    SLICE_X103Y32        FDRE                                         r  kernel_memory_inst/kernel_coefficients_reg[5][5]/D
  -------------------------------------------------------------------    -------------------

                         (clock sys_clk rise edge)    0.000     0.000 r  <hidden>
    U7                                                0.000     0.000 r  clk
                         net (fo=0)                   0.000     0.000    clk
    U7                   IBUF (Prop_ibuf_I_O)         0.476     0.476 r  clk_IBUF_inst/O
                         net (fo=1, routed)           0.719     1.195    clk_IBUF
    BUFGCTRL_X0Y0        BUFG (Prop_bufg_I_O)         0.029     1.224 r  clk_IBUF_BUFG_inst/O
                         net (fo=131, routed)         0.874     2.098    kernel_memory_inst/clk_IBUF_BUFG
    SLICE_X103Y32        FDRE                                         r  kernel_memory_inst/kernel_coefficients_reg[5][5]/C
                         clock pessimism             -0.482     1.616    <hidden>
    SLICE_X103Y32        FDRE (Hold_fdre_C_D)         0.047     1.663    kernel_memory_inst/kernel_coefficients_reg[5][5]
  -------------------------------------------------------------------
                         required time                         -1.663    <hidden>
                         arrival time                           1.841    <hidden>
  -------------------------------------------------------------------
                         slack                                  0.178    <hidden>

Slack (MET) :             0.191ns  (arrival time - required time)
  Source:                 genblk1[0].mac_pipeline_inst/delayed_window_pixels_reg[3][1][5]/C
                            (rising edge-triggered cell FDRE clocked by sys_clk  {rise@0.000ns fall@1.250ns period=2.500ns})
  Destination:            genblk1[0].mac_pipeline_inst/accumulation_stage_reg[3]/A[5]
                            (rising edge-triggered cell DSP48E1 clocked by sys_clk  {rise@0.000ns fall@1.250ns period=2.500ns})
  Path Group:             sys_clk
  Path Type:              Hold (Min at Fast Process Corner)
  Requirement:            0.000ns  (sys_clk rise@0.000ns - sys_clk rise@0.000ns)
  Data Path Delay:        0.382ns  (logic 0.164ns (42.947%)  route 0.218ns (57.053%))
  Logic Levels:           0  
  Clock Path Skew:        0.125ns (DCD - SCD - CPR)
    Destination Clock Delay (DCD):    2.187ns
    Source Clock Delay      (SCD):    1.580ns
    Clock Pessimism Removal (CPR):    0.482ns

    Location             Delay type                Incr(ns)  Path(ns)    Netlist Resource(s)
  -------------------------------------------------------------------    -------------------
                         (clock sys_clk rise edge)    0.000     0.000 r  <hidden>
    U7                                                0.000     0.000 r  clk
                         net (fo=0)                   0.000     0.000    clk
    U7                   IBUF (Prop_ibuf_I_O)         0.286     0.286 r  clk_IBUF_inst/O
                         net (fo=1, routed)           0.663     0.949    clk_IBUF
    BUFGCTRL_X0Y0        BUFG (Prop_bufg_I_O)         0.026     0.975 r  clk_IBUF_BUFG_inst/O
                         net (fo=131, routed)         0.605     1.580    genblk1[0].mac_pipeline_inst/clk_IBUF_BUFG
    SLICE_X104Y31        FDRE                                         r  genblk1[0].mac_pipeline_inst/delayed_window_pixels_reg[3][1][5]/C
  -------------------------------------------------------------------    -------------------
    SLICE_X104Y31        FDRE (Prop_fdre_C_Q)         0.164     1.744 r  genblk1[0].mac_pipeline_inst/delayed_window_pixels_reg[3][1][5]/Q
                         net (fo=3, routed)           0.218     1.962    genblk1[0].mac_pipeline_inst/window_pixels_reg[7][5]
    DSP48_X4Y12          DSP48E1                                      r  genblk1[0].mac_pipeline_inst/accumulation_stage_reg[3]/A[5]
  -------------------------------------------------------------------    -------------------

                         (clock sys_clk rise edge)    0.000     0.000 r  <hidden>
    U7                                                0.000     0.000 r  clk
                         net (fo=0)                   0.000     0.000    clk
    U7                   IBUF (Prop_ibuf_I_O)         0.476     0.476 r  clk_IBUF_inst/O
                         net (fo=1, routed)           0.719     1.195    clk_IBUF
    BUFGCTRL_X0Y0        BUFG (Prop_bufg_I_O)         0.029     1.224 r  clk_IBUF_BUFG_inst/O
                         net (fo=131, routed)         0.963     2.187    genblk1[0].mac_pipeline_inst/clk_IBUF_BUFG
    DSP48_X4Y12          DSP48E1                                      r  genblk1[0].mac_pipeline_inst/accumulation_stage_reg[3]/CLK
                         clock pessimism             -0.482     1.705    <hidden>
    DSP48_X4Y12          DSP48E1 (Hold_dsp48e1_CLK_A[5])
                                                      0.066     1.771    genblk1[0].mac_pipeline_inst/accumulation_stage_reg[3]
  -------------------------------------------------------------------
                         required time                         -1.771    <hidden>
                         arrival time                           1.962    <hidden>
  -------------------------------------------------------------------
                         slack                                  0.191    <hidden>

Slack (MET) :             0.191ns  (arrival time - required time)
  Source:                 genblk1[0].mac_pipeline_inst/delayed_window_pixels_reg[3][1][6]/C
                            (rising edge-triggered cell FDRE clocked by sys_clk  {rise@0.000ns fall@1.250ns period=2.500ns})
  Destination:            genblk1[0].mac_pipeline_inst/accumulation_stage_reg[3]/A[6]
                            (rising edge-triggered cell DSP48E1 clocked by sys_clk  {rise@0.000ns fall@1.250ns period=2.500ns})
  Path Group:             sys_clk
  Path Type:              Hold (Min at Fast Process Corner)
  Requirement:            0.000ns  (sys_clk rise@0.000ns - sys_clk rise@0.000ns)
  Data Path Delay:        0.382ns  (logic 0.164ns (42.947%)  route 0.218ns (57.053%))
  Logic Levels:           0  
  Clock Path Skew:        0.125ns (DCD - SCD - CPR)
    Destination Clock Delay (DCD):    2.187ns
    Source Clock Delay      (SCD):    1.580ns
    Clock Pessimism Removal (CPR):    0.482ns

    Location             Delay type                Incr(ns)  Path(ns)    Netlist Resource(s)
  -------------------------------------------------------------------    -------------------
                         (clock sys_clk rise edge)    0.000     0.000 r  <hidden>
    U7                                                0.000     0.000 r  clk
                         net (fo=0)                   0.000     0.000    clk
    U7                   IBUF (Prop_ibuf_I_O)         0.286     0.286 r  clk_IBUF_inst/O
                         net (fo=1, routed)           0.663     0.949    clk_IBUF
    BUFGCTRL_X0Y0        BUFG (Prop_bufg_I_O)         0.026     0.975 r  clk_IBUF_BUFG_inst/O
                         net (fo=131, routed)         0.605     1.580    genblk1[0].mac_pipeline_inst/clk_IBUF_BUFG
    SLICE_X104Y31        FDRE                                         r  genblk1[0].mac_pipeline_inst/delayed_window_pixels_reg[3][1][6]/C
  -------------------------------------------------------------------    -------------------
    SLICE_X104Y31        FDRE (Prop_fdre_C_Q)         0.164     1.744 r  genblk1[0].mac_pipeline_inst/delayed_window_pixels_reg[3][1][6]/Q
                         net (fo=3, routed)           0.218     1.962    genblk1[0].mac_pipeline_inst/window_pixels_reg[7][6]
    DSP48_X4Y12          DSP48E1                                      r  genblk1[0].mac_pipeline_inst/accumulation_stage_reg[3]/A[6]
  -------------------------------------------------------------------    -------------------

                         (clock sys_clk rise edge)    0.000     0.000 r  <hidden>
    U7                                                0.000     0.000 r  clk
                         net (fo=0)                   0.000     0.000    clk
    U7                   IBUF (Prop_ibuf_I_O)         0.476     0.476 r  clk_IBUF_inst/O
                         net (fo=1, routed)           0.719     1.195    clk_IBUF
    BUFGCTRL_X0Y0        BUFG (Prop_bufg_I_O)         0.029     1.224 r  clk_IBUF_BUFG_inst/O
                         net (fo=131, routed)         0.963     2.187    genblk1[0].mac_pipeline_inst/clk_IBUF_BUFG
    DSP48_X4Y12          DSP48E1                                      r  genblk1[0].mac_pipeline_inst/accumulation_stage_reg[3]/CLK
                         clock pessimism             -0.482     1.705    <hidden>
    DSP48_X4Y12          DSP48E1 (Hold_dsp48e1_CLK_A[6])
                                                      0.066     1.771    genblk1[0].mac_pipeline_inst/accumulation_stage_reg[3]
  -------------------------------------------------------------------
                         required time                         -1.771    <hidden>
                         arrival time                           1.962    <hidden>
  -------------------------------------------------------------------
                         slack                                  0.191    <hidden>

Slack (MET) :             0.194ns  (arrival time - required time)
  Source:                 genblk1[0].mac_pipeline_inst/delayed_window_pixels_reg[6][4][7]/C
                            (rising edge-triggered cell FDRE clocked by sys_clk  {rise@0.000ns fall@1.250ns period=2.500ns})
  Destination:            window_generator_inst/window_pixels_reg[8][7]_srl28/D
                            (rising edge-triggered cell SRLC32E clocked by sys_clk  {rise@0.000ns fall@1.250ns period=2.500ns})
  Path Group:             sys_clk
  Path Type:              Hold (Min at Fast Process Corner)
  Requirement:            0.000ns  (sys_clk rise@0.000ns - sys_clk rise@0.000ns)
  Data Path Delay:        0.386ns  (logic 0.164ns (42.506%)  route 0.222ns (57.494%))
  Logic Levels:           0  
  Clock Path Skew:        0.009ns (DCD - SCD - CPR)
    Destination Clock Delay (DCD):    2.097ns
    Source Clock Delay      (SCD):    1.585ns
    Clock Pessimism Removal (CPR):    0.503ns

    Location             Delay type                Incr(ns)  Path(ns)    Netlist Resource(s)
  -------------------------------------------------------------------    -------------------
                         (clock sys_clk rise edge)    0.000     0.000 r  <hidden>
    U7                                                0.000     0.000 r  clk
                         net (fo=0)                   0.000     0.000    clk
    U7                   IBUF (Prop_ibuf_I_O)         0.286     0.286 r  clk_IBUF_inst/O
                         net (fo=1, routed)           0.663     0.949    clk_IBUF
    BUFGCTRL_X0Y0        BUFG (Prop_bufg_I_O)         0.026     0.975 r  clk_IBUF_BUFG_inst/O
                         net (fo=131, routed)         0.610     1.585    genblk1[0].mac_pipeline_inst/clk_IBUF_BUFG
    SLICE_X104Y38        FDRE                                         r  genblk1[0].mac_pipeline_inst/delayed_window_pixels_reg[6][4][7]/C
  -------------------------------------------------------------------    -------------------
    SLICE_X104Y38        FDRE (Prop_fdre_C_Q)         0.164     1.749 r  genblk1[0].mac_pipeline_inst/delayed_window_pixels_reg[6][4][7]/Q
                         net (fo=4, routed)           0.222     1.971    window_generator_inst/A[7]
    SLICE_X104Y31        SRLC32E                                      r  window_generator_inst/window_pixels_reg[8][7]_srl28/D
  -------------------------------------------------------------------    -------------------

                         (clock sys_clk rise edge)    0.000     0.000 r  <hidden>
    U7                                                0.000     0.000 r  clk
                         net (fo=0)                   0.000     0.000    clk
    U7                   IBUF (Prop_ibuf_I_O)         0.476     0.476 r  clk_IBUF_inst/O
                         net (fo=1, routed)           0.719     1.195    clk_IBUF
    BUFGCTRL_X0Y0        BUFG (Prop_bufg_I_O)         0.029     1.224 r  clk_IBUF_BUFG_inst/O
                         net (fo=131, routed)         0.873     2.097    window_generator_inst/clk_IBUF_BUFG
    SLICE_X104Y31        SRLC32E                                      r  window_generator_inst/window_pixels_reg[8][7]_srl28/CLK
                         clock pessimism             -0.503     1.594    <hidden>
    SLICE_X104Y31        SRLC32E (Hold_srlc32e_CLK_D)
                                                      0.183     1.777    window_generator_inst/window_pixels_reg[8][7]_srl28
  -------------------------------------------------------------------
                         required time                         -1.777    <hidden>
                         arrival time                           1.971    <hidden>
  -------------------------------------------------------------------
                         slack                                  0.194    <hidden>

Slack (MET) :             0.200ns  (arrival time - required time)
  Source:                 kernel_memory_inst/kernel_coefficients_reg[7][3]/C
                            (rising edge-triggered cell FDRE clocked by sys_clk  {rise@0.000ns fall@1.250ns period=2.500ns})
  Destination:            genblk1[0].mac_pipeline_inst/accumulation_stage_reg[6]/B[3]
                            (rising edge-triggered cell DSP48E1 clocked by sys_clk  {rise@0.000ns fall@1.250ns period=2.500ns})
  Path Group:             sys_clk
  Path Type:              Hold (Min at Fast Process Corner)
  Requirement:            0.000ns  (sys_clk rise@0.000ns - sys_clk rise@0.000ns)
  Data Path Delay:        0.336ns  (logic 0.128ns (38.056%)  route 0.208ns (61.943%))
  Logic Levels:           0  
  Clock Path Skew:        0.108ns (DCD - SCD - CPR)
    Destination Clock Delay (DCD):    2.194ns
    Source Clock Delay      (SCD):    1.583ns
    Clock Pessimism Removal (CPR):    0.503ns

    Location             Delay type                Incr(ns)  Path(ns)    Netlist Resource(s)
  -------------------------------------------------------------------    -------------------
                         (clock sys_clk rise edge)    0.000     0.000 r  <hidden>
    U7                                                0.000     0.000 r  clk
                         net (fo=0)                   0.000     0.000    clk
    U7                   IBUF (Prop_ibuf_I_O)         0.286     0.286 r  clk_IBUF_inst/O
                         net (fo=1, routed)           0.663     0.949    clk_IBUF
    BUFGCTRL_X0Y0        BUFG (Prop_bufg_I_O)         0.026     0.975 r  clk_IBUF_BUFG_inst/O
                         net (fo=131, routed)         0.608     1.583    kernel_memory_inst/clk_IBUF_BUFG
    SLICE_X103Y34        FDRE                                         r  kernel_memory_inst/kernel_coefficients_reg[7][3]/C
  -------------------------------------------------------------------    -------------------
    SLICE_X103Y34        FDRE (Prop_fdre_C_Q)         0.128     1.711 r  kernel_memory_inst/kernel_coefficients_reg[7][3]/Q
                         net (fo=2, routed)           0.208     1.919    genblk1[0].mac_pipeline_inst/accumulation_stage_reg[6]_0[3]
    DSP48_X4Y15          DSP48E1                                      r  genblk1[0].mac_pipeline_inst/accumulation_stage_reg[6]/B[3]
  -------------------------------------------------------------------    -------------------

                         (clock sys_clk rise edge)    0.000     0.000 r  <hidden>
    U7                                                0.000     0.000 r  clk
                         net (fo=0)                   0.000     0.000    clk
    U7                   IBUF (Prop_ibuf_I_O)         0.476     0.476 r  clk_IBUF_inst/O
                         net (fo=1, routed)           0.719     1.195    clk_IBUF
    BUFGCTRL_X0Y0        BUFG (Prop_bufg_I_O)         0.029     1.224 r  clk_IBUF_BUFG_inst/O
                         net (fo=131, routed)         0.970     2.194    genblk1[0].mac_pipeline_inst/clk_IBUF_BUFG
    DSP48_X4Y15          DSP48E1                                      r  genblk1[0].mac_pipeline_inst/accumulation_stage_reg[6]/CLK
                         clock pessimism             -0.503     1.691    <hidden>
    DSP48_X4Y15          DSP48E1 (Hold_dsp48e1_CLK_B[3])
                                                      0.029     1.720    genblk1[0].mac_pipeline_inst/accumulation_stage_reg[6]
  -------------------------------------------------------------------
                         required time                         -1.720    <hidden>
                         arrival time                           1.919    <hidden>
  -------------------------------------------------------------------
                         slack                                  0.200    <hidden>

Slack (MET) :             0.201ns  (arrival time - required time)
  Source:                 kernel_memory_inst/kernel_coefficients_reg[7][2]/C
                            (rising edge-triggered cell FDRE clocked by sys_clk  {rise@0.000ns fall@1.250ns period=2.500ns})
  Destination:            genblk1[0].mac_pipeline_inst/accumulation_stage_reg[6]/B[2]
                            (rising edge-triggered cell DSP48E1 clocked by sys_clk  {rise@0.000ns fall@1.250ns period=2.500ns})
  Path Group:             sys_clk
  Path Type:              Hold (Min at Fast Process Corner)
  Requirement:            0.000ns  (sys_clk rise@0.000ns - sys_clk rise@0.000ns)
  Data Path Delay:        0.336ns  (logic 0.128ns (38.059%)  route 0.208ns (61.941%))
  Logic Levels:           0  
  Clock Path Skew:        0.108ns (DCD - SCD - CPR)
    Destination Clock Delay (DCD):    2.194ns
    Source Clock Delay      (SCD):    1.583ns
    Clock Pessimism Removal (CPR):    0.503ns

    Location             Delay type                Incr(ns)  Path(ns)    Netlist Resource(s)
  -------------------------------------------------------------------    -------------------
                         (clock sys_clk rise edge)    0.000     0.000 r  <hidden>
    U7                                                0.000     0.000 r  clk
                         net (fo=0)                   0.000     0.000    clk
    U7                   IBUF (Prop_ibuf_I_O)         0.286     0.286 r  clk_IBUF_inst/O
                         net (fo=1, routed)           0.663     0.949    clk_IBUF
    BUFGCTRL_X0Y0        BUFG (Prop_bufg_I_O)         0.026     0.975 r  clk_IBUF_BUFG_inst/O
                         net (fo=131, routed)         0.608     1.583    kernel_memory_inst/clk_IBUF_BUFG
    SLICE_X103Y34        FDRE                                         r  kernel_memory_inst/kernel_coefficients_reg[7][2]/C
  -------------------------------------------------------------------    -------------------
    SLICE_X103Y34        FDRE (Prop_fdre_C_Q)         0.128     1.711 r  kernel_memory_inst/kernel_coefficients_reg[7][2]/Q
                         net (fo=2, routed)           0.208     1.919    genblk1[0].mac_pipeline_inst/accumulation_stage_reg[6]_0[2]
    DSP48_X4Y15          DSP48E1                                      r  genblk1[0].mac_pipeline_inst/accumulation_stage_reg[6]/B[2]
  -------------------------------------------------------------------    -------------------

                         (clock sys_clk rise edge)    0.000     0.000 r  <hidden>
    U7                                                0.000     0.000 r  clk
                         net (fo=0)                   0.000     0.000    clk
    U7                   IBUF (Prop_ibuf_I_O)         0.476     0.476 r  clk_IBUF_inst/O
                         net (fo=1, routed)           0.719     1.195    clk_IBUF
    BUFGCTRL_X0Y0        BUFG (Prop_bufg_I_O)         0.029     1.224 r  clk_IBUF_BUFG_inst/O
                         net (fo=131, routed)         0.970     2.194    genblk1[0].mac_pipeline_inst/clk_IBUF_BUFG
    DSP48_X4Y15          DSP48E1                                      r  genblk1[0].mac_pipeline_inst/accumulation_stage_reg[6]/CLK
                         clock pessimism             -0.503     1.691    <hidden>
    DSP48_X4Y15          DSP48E1 (Hold_dsp48e1_CLK_B[2])
                                                      0.028     1.719    genblk1[0].mac_pipeline_inst/accumulation_stage_reg[6]
  -------------------------------------------------------------------
                         required time                         -1.719    <hidden>
                         arrival time                           1.919    <hidden>
  -------------------------------------------------------------------
                         slack                                  0.201    <hidden>

Slack (MET) :             0.205ns  (arrival time - required time)
  Source:                 kernel_memory_inst/kernel_coefficients_reg[6][7]/C
                            (rising edge-triggered cell FDRE clocked by sys_clk  {rise@0.000ns fall@1.250ns period=2.500ns})
  Destination:            genblk1[0].mac_pipeline_inst/accumulation_stage_reg[5]/B[7]
                            (rising edge-triggered cell DSP48E1 clocked by sys_clk  {rise@0.000ns fall@1.250ns period=2.500ns})
  Path Group:             sys_clk
  Path Type:              Hold (Min at Fast Process Corner)
  Requirement:            0.000ns  (sys_clk rise@0.000ns - sys_clk rise@0.000ns)
  Data Path Delay:        0.338ns  (logic 0.128ns (37.814%)  route 0.210ns (62.186%))
  Logic Levels:           0  
  Clock Path Skew:        0.105ns (DCD - SCD - CPR)
    Destination Clock Delay (DCD):    2.191ns
    Source Clock Delay      (SCD):    1.583ns
    Clock Pessimism Removal (CPR):    0.503ns

    Location             Delay type                Incr(ns)  Path(ns)    Netlist Resource(s)
  -------------------------------------------------------------------    -------------------
                         (clock sys_clk rise edge)    0.000     0.000 r  <hidden>
    U7                                                0.000     0.000 r  clk
                         net (fo=0)                   0.000     0.000    clk
    U7                   IBUF (Prop_ibuf_I_O)         0.286     0.286 r  clk_IBUF_inst/O
                         net (fo=1, routed)           0.663     0.949    clk_IBUF
    BUFGCTRL_X0Y0        BUFG (Prop_bufg_I_O)         0.026     0.975 r  clk_IBUF_BUFG_inst/O
                         net (fo=131, routed)         0.608     1.583    kernel_memory_inst/clk_IBUF_BUFG
    SLICE_X103Y35        FDRE                                         r  kernel_memory_inst/kernel_coefficients_reg[6][7]/C
  -------------------------------------------------------------------    -------------------
    SLICE_X103Y35        FDRE (Prop_fdre_C_Q)         0.128     1.711 r  kernel_memory_inst/kernel_coefficients_reg[6][7]/Q
                         net (fo=12, routed)          0.210     1.922    genblk1[0].mac_pipeline_inst/accumulation_stage_reg[5]_0[7]
    DSP48_X4Y14          DSP48E1                                      r  genblk1[0].mac_pipeline_inst/accumulation_stage_reg[5]/B[7]
  -------------------------------------------------------------------    -------------------

                         (clock sys_clk rise edge)    0.000     0.000 r  <hidden>
    U7                                                0.000     0.000 r  clk
                         net (fo=0)                   0.000     0.000    clk
    U7                   IBUF (Prop_ibuf_I_O)         0.476     0.476 r  clk_IBUF_inst/O
                         net (fo=1, routed)           0.719     1.195    clk_IBUF
    BUFGCTRL_X0Y0        BUFG (Prop_bufg_I_O)         0.029     1.224 r  clk_IBUF_BUFG_inst/O
                         net (fo=131, routed)         0.967     2.191    genblk1[0].mac_pipeline_inst/clk_IBUF_BUFG
    DSP48_X4Y14          DSP48E1                                      r  genblk1[0].mac_pipeline_inst/accumulation_stage_reg[5]/CLK
                         clock pessimism             -0.503     1.688    <hidden>
    DSP48_X4Y14          DSP48E1 (Hold_dsp48e1_CLK_B[7])
                                                      0.029     1.717    genblk1[0].mac_pipeline_inst/accumulation_stage_reg[5]
  -------------------------------------------------------------------
                         required time                         -1.717    <hidden>
                         arrival time                           1.922    <hidden>
  -------------------------------------------------------------------
                         slack                                  0.205    <hidden>

Slack (MET) :             0.208ns  (arrival time - required time)
  Source:                 kernel_memory_inst/kernel_coefficients_reg[3][5]/C
                            (rising edge-triggered cell FDRE clocked by sys_clk  {rise@0.000ns fall@1.250ns period=2.500ns})
  Destination:            kernel_memory_inst/kernel_coefficients_reg[2][5]/D
                            (rising edge-triggered cell FDRE clocked by sys_clk  {rise@0.000ns fall@1.250ns period=2.500ns})
  Path Group:             sys_clk
  Path Type:              Hold (Min at Fast Process Corner)
  Requirement:            0.000ns  (sys_clk rise@0.000ns - sys_clk rise@0.000ns)
  Data Path Delay:        0.202ns  (logic 0.128ns (63.497%)  route 0.074ns (36.503%))
  Logic Levels:           0  
  Clock Path Skew:        0.000ns (DCD - SCD - CPR)
    Destination Clock Delay (DCD):    2.100ns
    Source Clock Delay      (SCD):    1.583ns
    Clock Pessimism Removal (CPR):    0.517ns

    Location             Delay type                Incr(ns)  Path(ns)    Netlist Resource(s)
  -------------------------------------------------------------------    -------------------
                         (clock sys_clk rise edge)    0.000     0.000 r  <hidden>
    U7                                                0.000     0.000 r  clk
                         net (fo=0)                   0.000     0.000    clk
    U7                   IBUF (Prop_ibuf_I_O)         0.286     0.286 r  clk_IBUF_inst/O
                         net (fo=1, routed)           0.663     0.949    clk_IBUF
    BUFGCTRL_X0Y0        BUFG (Prop_bufg_I_O)         0.026     0.975 r  clk_IBUF_BUFG_inst/O
                         net (fo=131, routed)         0.608     1.583    kernel_memory_inst/clk_IBUF_BUFG
    SLICE_X105Y34        FDRE                                         r  kernel_memory_inst/kernel_coefficients_reg[3][5]/C
  -------------------------------------------------------------------    -------------------
    SLICE_X105Y34        FDRE (Prop_fdre_C_Q)         0.128     1.711 r  kernel_memory_inst/kernel_coefficients_reg[3][5]/Q
                         net (fo=2, routed)           0.074     1.785    kernel_memory_inst/kernel_coefficients_reg[3][7]_0[5]
    SLICE_X105Y34        FDRE                                         r  kernel_memory_inst/kernel_coefficients_reg[2][5]/D
  -------------------------------------------------------------------    -------------------

                         (clock sys_clk rise edge)    0.000     0.000 r  <hidden>
    U7                                                0.000     0.000 r  clk
                         net (fo=0)                   0.000     0.000    clk
    U7                   IBUF (Prop_ibuf_I_O)         0.476     0.476 r  clk_IBUF_inst/O
                         net (fo=1, routed)           0.719     1.195    clk_IBUF
    BUFGCTRL_X0Y0        BUFG (Prop_bufg_I_O)         0.029     1.224 r  clk_IBUF_BUFG_inst/O
                         net (fo=131, routed)         0.876     2.100    kernel_memory_inst/clk_IBUF_BUFG
    SLICE_X105Y34        FDRE                                         r  kernel_memory_inst/kernel_coefficients_reg[2][5]/C
                         clock pessimism             -0.517     1.583    <hidden>
    SLICE_X105Y34        FDRE (Hold_fdre_C_D)        -0.006     1.577    kernel_memory_inst/kernel_coefficients_reg[2][5]
  -------------------------------------------------------------------
                         required time                         -1.577    <hidden>
                         arrival time                           1.785    <hidden>
  -------------------------------------------------------------------
                         slack                                  0.208    <hidden>

Slack (MET) :             0.209ns  (arrival time - required time)
  Source:                 kernel_memory_inst/kernel_coefficients_reg[7][5]/C
                            (rising edge-triggered cell FDRE clocked by sys_clk  {rise@0.000ns fall@1.250ns period=2.500ns})
  Destination:            genblk1[0].mac_pipeline_inst/accumulation_stage_reg[6]/B[5]
                            (rising edge-triggered cell DSP48E1 clocked by sys_clk  {rise@0.000ns fall@1.250ns period=2.500ns})
  Path Group:             sys_clk
  Path Type:              Hold (Min at Fast Process Corner)
  Requirement:            0.000ns  (sys_clk rise@0.000ns - sys_clk rise@0.000ns)
  Data Path Delay:        0.419ns  (logic 0.141ns (33.630%)  route 0.278ns (66.370%))
  Logic Levels:           0  
  Clock Path Skew:        0.129ns (DCD - SCD - CPR)
    Destination Clock Delay (DCD):    2.194ns
    Source Clock Delay      (SCD):    1.583ns
    Clock Pessimism Removal (CPR):    0.482ns

    Location             Delay type                Incr(ns)  Path(ns)    Netlist Resource(s)
  -------------------------------------------------------------------    -------------------
                         (clock sys_clk rise edge)    0.000     0.000 r  <hidden>
    U7                                                0.000     0.000 r  clk
                         net (fo=0)                   0.000     0.000    clk
    U7                   IBUF (Prop_ibuf_I_O)         0.286     0.286 r  clk_IBUF_inst/O
                         net (fo=1, routed)           0.663     0.949    clk_IBUF
    BUFGCTRL_X0Y0        BUFG (Prop_bufg_I_O)         0.026     0.975 r  clk_IBUF_BUFG_inst/O
                         net (fo=131, routed)         0.608     1.583    kernel_memory_inst/clk_IBUF_BUFG
    SLICE_X105Y34        FDRE                                         r  kernel_memory_inst/kernel_coefficients_reg[7][5]/C
  -------------------------------------------------------------------    -------------------
    SLICE_X105Y34        FDRE (Prop_fdre_C_Q)         0.141     1.724 r  kernel_memory_inst/kernel_coefficients_reg[7][5]/Q
                         net (fo=2, routed)           0.278     2.002    genblk1[0].mac_pipeline_inst/accumulation_stage_reg[6]_0[5]
    DSP48_X4Y15          DSP48E1                                      r  genblk1[0].mac_pipeline_inst/accumulation_stage_reg[6]/B[5]
  -------------------------------------------------------------------    -------------------

                         (clock sys_clk rise edge)    0.000     0.000 r  <hidden>
    U7                                                0.000     0.000 r  clk
                         net (fo=0)                   0.000     0.000    clk
    U7                   IBUF (Prop_ibuf_I_O)         0.476     0.476 r  clk_IBUF_inst/O
                         net (fo=1, routed)           0.719     1.195    clk_IBUF
    BUFGCTRL_X0Y0        BUFG (Prop_bufg_I_O)         0.029     1.224 r  clk_IBUF_BUFG_inst/O
                         net (fo=131, routed)         0.970     2.194    genblk1[0].mac_pipeline_inst/clk_IBUF_BUFG
    DSP48_X4Y15          DSP48E1                                      r  genblk1[0].mac_pipeline_inst/accumulation_stage_reg[6]/CLK
                         clock pessimism             -0.482     1.712    <hidden>
    DSP48_X4Y15          DSP48E1 (Hold_dsp48e1_CLK_B[5])
                                                      0.082     1.794    genblk1[0].mac_pipeline_inst/accumulation_stage_reg[6]
  -------------------------------------------------------------------
                         required time                         -1.794    <hidden>
                         arrival time                           2.002    <hidden>
  -------------------------------------------------------------------
                         slack                                  0.209    <hidden>





Pulse Width Checks
--------------------------------------------------------------------------------------
Clock Name:         sys_clk
Waveform(ns):       { 0.000 1.250 }
Period(ns):         2.500
Sources:            { clk }

Check Type        Corner  Lib Pin      Reference Pin  Required(ns)  Actual(ns)  Slack(ns)  Location       Pin
Min Period        n/a     BUFG/I       n/a            2.155         2.500       0.345      BUFGCTRL_X0Y0  clk_IBUF_BUFG_inst/I
Min Period        n/a     DSP48E1/CLK  n/a            2.154         2.500       0.346      DSP48_X4Y10    genblk1[0].mac_pipeline_inst/accumulation_stage_reg[1]/CLK
Min Period        n/a     DSP48E1/CLK  n/a            2.154         2.500       0.346      DSP48_X4Y11    genblk1[0].mac_pipeline_inst/accumulation_stage_reg[2]/CLK
Min Period        n/a     DSP48E1/CLK  n/a            2.154         2.500       0.346      DSP48_X4Y12    genblk1[0].mac_pipeline_inst/accumulation_stage_reg[3]/CLK
Min Period        n/a     DSP48E1/CLK  n/a            2.154         2.500       0.346      DSP48_X4Y13    genblk1[0].mac_pipeline_inst/accumulation_stage_reg[4]/CLK
Min Period        n/a     DSP48E1/CLK  n/a            2.154         2.500       0.346      DSP48_X4Y14    genblk1[0].mac_pipeline_inst/accumulation_stage_reg[5]/CLK
Min Period        n/a     DSP48E1/CLK  n/a            2.154         2.500       0.346      DSP48_X4Y15    genblk1[0].mac_pipeline_inst/accumulation_stage_reg[6]/CLK
Min Period        n/a     DSP48E1/CLK  n/a            2.154         2.500       0.346      DSP48_X4Y16    genblk1[0].mac_pipeline_inst/accumulation_stage_reg[7]/CLK
Min Period        n/a     DSP48E1/CLK  n/a            2.154         2.500       0.346      DSP48_X4Y17    genblk1[0].mac_pipeline_inst/accumulation_stage_reg[8]/CLK
Min Period        n/a     DSP48E1/CLK  n/a            2.154         2.500       0.346      DSP48_X4Y18    genblk1[0].mac_pipeline_inst/accumulation_stage_reg[9]/CLK
Low Pulse Width   Slow    SRLC32E/CLK  n/a            0.980         1.250       0.270      SLICE_X104Y38  genblk1[0].mac_pipeline_inst/delayed_window_pixels_reg[6][3][0]_srl28/CLK
Low Pulse Width   Fast    SRLC32E/CLK  n/a            0.980         1.250       0.270      SLICE_X104Y38  genblk1[0].mac_pipeline_inst/delayed_window_pixels_reg[6][3][0]_srl28/CLK
Low Pulse Width   Slow    SRLC32E/CLK  n/a            0.980         1.250       0.270      SLICE_X104Y35  genblk1[0].mac_pipeline_inst/delayed_window_pixels_reg[6][3][1]_srl28/CLK
Low Pulse Width   Fast    SRLC32E/CLK  n/a            0.980         1.250       0.270      SLICE_X104Y35  genblk1[0].mac_pipeline_inst/delayed_window_pixels_reg[6][3][1]_srl28/CLK
Low Pulse Width   Slow    SRLC32E/CLK  n/a            0.980         1.250       0.270      SLICE_X104Y35  genblk1[0].mac_pipeline_inst/delayed_window_pixels_reg[6][3][2]_srl28/CLK
Low Pulse Width   Fast    SRLC32E/CLK  n/a            0.980         1.250       0.270      SLICE_X104Y35  genblk1[0].mac_pipeline_inst/delayed_window_pixels_reg[6][3][2]_srl28/CLK
Low Pulse Width   Slow    SRLC32E/CLK  n/a            0.980         1.250       0.270      SLICE_X104Y38  genblk1[0].mac_pipeline_inst/delayed_window_pixels_reg[6][3][3]_srl28/CLK
Low Pulse Width   Fast    SRLC32E/CLK  n/a            0.980         1.250       0.270      SLICE_X104Y38  genblk1[0].mac_pipeline_inst/delayed_window_pixels_reg[6][3][3]_srl28/CLK
Low Pulse Width   Slow    SRLC32E/CLK  n/a            0.980         1.250       0.270      SLICE_X104Y38  genblk1[0].mac_pipeline_inst/delayed_window_pixels_reg[6][3][4]_srl28/CLK
Low Pulse Width   Fast    SRLC32E/CLK  n/a            0.980         1.250       0.270      SLICE_X104Y38  genblk1[0].mac_pipeline_inst/delayed_window_pixels_reg[6][3][4]_srl28/CLK
High Pulse Width  Slow    SRLC32E/CLK  n/a            0.980         1.250       0.270      SLICE_X104Y38  genblk1[0].mac_pipeline_inst/delayed_window_pixels_reg[6][3][0]_srl28/CLK
High Pulse Width  Fast    SRLC32E/CLK  n/a            0.980         1.250       0.270      SLICE_X104Y38  genblk1[0].mac_pipeline_inst/delayed_window_pixels_reg[6][3][0]_srl28/CLK
High Pulse Width  Slow    SRLC32E/CLK  n/a            0.980         1.250       0.270      SLICE_X104Y35  genblk1[0].mac_pipeline_inst/delayed_window_pixels_reg[6][3][1]_srl28/CLK
High Pulse Width  Fast    SRLC32E/CLK  n/a            0.980         1.250       0.270      SLICE_X104Y35  genblk1[0].mac_pipeline_inst/delayed_window_pixels_reg[6][3][1]_srl28/CLK
High Pulse Width  Slow    SRLC32E/CLK  n/a            0.980         1.250       0.270      SLICE_X104Y35  genblk1[0].mac_pipeline_inst/delayed_window_pixels_reg[6][3][2]_srl28/CLK
High Pulse Width  Fast    SRLC32E/CLK  n/a            0.980         1.250       0.270      SLICE_X104Y35  genblk1[0].mac_pipeline_inst/delayed_window_pixels_reg[6][3][2]_srl28/CLK
High Pulse Width  Slow    SRLC32E/CLK  n/a            0.980         1.250       0.270      SLICE_X104Y38  genblk1[0].mac_pipeline_inst/delayed_window_pixels_reg[6][3][3]_srl28/CLK
High Pulse Width  Fast    SRLC32E/CLK  n/a            0.980         1.250       0.270      SLICE_X104Y38  genblk1[0].mac_pipeline_inst/delayed_window_pixels_reg[6][3][3]_srl28/CLK
High Pulse Width  Slow    SRLC32E/CLK  n/a            0.980         1.250       0.270      SLICE_X104Y38  genblk1[0].mac_pipeline_inst/delayed_window_pixels_reg[6][3][4]_srl28/CLK
High Pulse Width  Fast    SRLC32E/CLK  n/a            0.980         1.250       0.270      SLICE_X104Y38  genblk1[0].mac_pipeline_inst/delayed_window_pixels_reg[6][3][4]_srl28/CLK



--------------------------------------------------------------------------------------
Path Group:  (none)
From Clock:  sys_clk
  To Clock:  

Max Delay            20 Endpoints
Min Delay            20 Endpoints
--------------------------------------------------------------------------------------


Max Delay Paths
--------------------------------------------------------------------------------------
Slack:                    inf
  Source:                 controller_inst/FSM_sequential_current_state_reg[1]/C
                            (rising edge-triggered cell FDCE clocked by sys_clk  {rise@0.000ns fall@1.250ns period=2.500ns})
  Destination:            data_valid
                            (output port)
  Path Group:             (none)
  Path Type:              Max at Slow Process Corner
  Data Path Delay:        10.116ns  (logic 3.268ns (32.300%)  route 6.849ns (67.700%))
  Logic Levels:           2  (LUT6=1 OBUF=1)
  Clock Uncertainty:      0.025ns  ((TSJ^2 + TIJ^2)^1/2 + DJ) / 2 + PE
    Total System Jitter     (TSJ):    0.050ns
    Total Input Jitter      (TIJ):    0.000ns
    Discrete Jitter          (DJ):    0.000ns
    Phase Error              (PE):    0.000ns
  Timing Exception:       False Path

    Location             Delay type                Incr(ns)  Path(ns)    Netlist Resource(s)
  -------------------------------------------------------------------    -------------------
                         (clock sys_clk rise edge)    0.000     0.000 r  <hidden>
    U7                                                0.000     0.000 r  clk
                         net (fo=0)                   0.000     0.000    clk
    U7                   IBUF (Prop_ibuf_I_O)         1.058     1.058 r  clk_IBUF_inst/O
                         net (fo=1, routed)           2.171     3.229    clk_IBUF
    BUFGCTRL_X0Y0        BUFG (Prop_bufg_I_O)         0.101     3.330 r  clk_IBUF_BUFG_inst/O
                         net (fo=131, routed)         1.791     5.121    controller_inst/clk_IBUF_BUFG
    SLICE_X101Y33        FDCE                                         r  controller_inst/FSM_sequential_current_state_reg[1]/C
  -------------------------------------------------------------------    -------------------
    SLICE_X101Y33        FDCE (Prop_fdce_C_Q)         0.456     5.577 r  controller_inst/FSM_sequential_current_state_reg[1]/Q
                         net (fo=14, routed)          1.301     6.879    controller_inst/Q[1]
    SLICE_X101Y31        LUT6 (Prop_lut6_I0_O)        0.124     7.003 r  controller_inst/data_valid_OBUF_inst_i_1/O
                         net (fo=20, routed)          5.547    12.550    data_valid_OBUF
    U9                   OBUF (Prop_obuf_I_O)         2.688    15.238 r  data_valid_OBUF_inst/O
                         net (fo=0)                   0.000    15.238    data_valid
    U9                                                                r  data_valid
  -------------------------------------------------------------------    -------------------

Slack:                    inf
  Source:                 controller_inst/FSM_sequential_current_state_reg[1]/C
                            (rising edge-triggered cell FDCE clocked by sys_clk  {rise@0.000ns fall@1.250ns period=2.500ns})
  Destination:            out_pixel[13]
                            (output port)
  Path Group:             (none)
  Path Type:              Max at Slow Process Corner
  Data Path Delay:        8.665ns  (logic 3.041ns (35.091%)  route 5.624ns (64.909%))
  Logic Levels:           3  (LUT3=1 LUT6=1 OBUF=1)
  Clock Uncertainty:      0.025ns  ((TSJ^2 + TIJ^2)^1/2 + DJ) / 2 + PE
    Total System Jitter     (TSJ):    0.050ns
    Total Input Jitter      (TIJ):    0.000ns
    Discrete Jitter          (DJ):    0.000ns
    Phase Error              (PE):    0.000ns
  Timing Exception:       False Path

    Location             Delay type                Incr(ns)  Path(ns)    Netlist Resource(s)
  -------------------------------------------------------------------    -------------------
                         (clock sys_clk rise edge)    0.000     0.000 r  <hidden>
    U7                                                0.000     0.000 r  clk
                         net (fo=0)                   0.000     0.000    clk
    U7                   IBUF (Prop_ibuf_I_O)         1.058     1.058 r  clk_IBUF_inst/O
                         net (fo=1, routed)           2.171     3.229    clk_IBUF
    BUFGCTRL_X0Y0        BUFG (Prop_bufg_I_O)         0.101     3.330 r  clk_IBUF_BUFG_inst/O
                         net (fo=131, routed)         1.791     5.121    controller_inst/clk_IBUF_BUFG
    SLICE_X101Y33        FDCE                                         r  controller_inst/FSM_sequential_current_state_reg[1]/C
  -------------------------------------------------------------------    -------------------
    SLICE_X101Y33        FDCE (Prop_fdce_C_Q)         0.456     5.577 r  controller_inst/FSM_sequential_current_state_reg[1]/Q
                         net (fo=14, routed)          1.301     6.879    controller_inst/Q[1]
    SLICE_X101Y31        LUT6 (Prop_lut6_I0_O)        0.124     7.003 r  controller_inst/data_valid_OBUF_inst_i_1/O
                         net (fo=20, routed)          1.810     8.813    genblk1[0].mac_pipeline_inst/data_valid_OBUF
    SLICE_X102Y48        LUT3 (Prop_lut3_I1_O)        0.152     8.965 r  genblk1[0].mac_pipeline_inst/out_pixel_OBUF[13]_inst_i_1/O
                         net (fo=1, routed)           2.512    11.478    out_pixel_OBUF[13]
    W16                  OBUF (Prop_obuf_I_O)         2.309    13.786 r  out_pixel_OBUF[13]_inst/O
                         net (fo=0)                   0.000    13.786    out_pixel[13]
    W16                                                               r  out_pixel[13]
  -------------------------------------------------------------------    -------------------

Slack:                    inf
  Source:                 controller_inst/FSM_sequential_current_state_reg[1]/C
                            (rising edge-triggered cell FDCE clocked by sys_clk  {rise@0.000ns fall@1.250ns period=2.500ns})
  Destination:            out_pixel[17]
                            (output port)
  Path Group:             (none)
  Path Type:              Max at Slow Process Corner
  Data Path Delay:        8.583ns  (logic 3.046ns (35.491%)  route 5.537ns (64.509%))
  Logic Levels:           3  (LUT3=1 LUT6=1 OBUF=1)
  Clock Uncertainty:      0.025ns  ((TSJ^2 + TIJ^2)^1/2 + DJ) / 2 + PE
    Total System Jitter     (TSJ):    0.050ns
    Total Input Jitter      (TIJ):    0.000ns
    Discrete Jitter          (DJ):    0.000ns
    Phase Error              (PE):    0.000ns
  Timing Exception:       False Path

    Location             Delay type                Incr(ns)  Path(ns)    Netlist Resource(s)
  -------------------------------------------------------------------    -------------------
                         (clock sys_clk rise edge)    0.000     0.000 r  <hidden>
    U7                                                0.000     0.000 r  clk
                         net (fo=0)                   0.000     0.000    clk
    U7                   IBUF (Prop_ibuf_I_O)         1.058     1.058 r  clk_IBUF_inst/O
                         net (fo=1, routed)           2.171     3.229    clk_IBUF
    BUFGCTRL_X0Y0        BUFG (Prop_bufg_I_O)         0.101     3.330 r  clk_IBUF_BUFG_inst/O
                         net (fo=131, routed)         1.791     5.121    controller_inst/clk_IBUF_BUFG
    SLICE_X101Y33        FDCE                                         r  controller_inst/FSM_sequential_current_state_reg[1]/C
  -------------------------------------------------------------------    -------------------
    SLICE_X101Y33        FDCE (Prop_fdce_C_Q)         0.456     5.577 r  controller_inst/FSM_sequential_current_state_reg[1]/Q
                         net (fo=14, routed)          1.301     6.879    controller_inst/Q[1]
    SLICE_X101Y31        LUT6 (Prop_lut6_I0_O)        0.124     7.003 r  controller_inst/data_valid_OBUF_inst_i_1/O
                         net (fo=20, routed)          1.690     8.693    genblk1[0].mac_pipeline_inst/data_valid_OBUF
    SLICE_X102Y49        LUT3 (Prop_lut3_I1_O)        0.148     8.841 r  genblk1[0].mac_pipeline_inst/out_pixel_OBUF[17]_inst_i_1/O
                         net (fo=1, routed)           2.546    11.386    out_pixel_OBUF[17]
    W20                  OBUF (Prop_obuf_I_O)         2.318    13.705 r  out_pixel_OBUF[17]_inst/O
                         net (fo=0)                   0.000    13.705    out_pixel[17]
    W20                                                               r  out_pixel[17]
  -------------------------------------------------------------------    -------------------

Slack:                    inf
  Source:                 controller_inst/FSM_sequential_current_state_reg[1]/C
                            (rising edge-triggered cell FDCE clocked by sys_clk  {rise@0.000ns fall@1.250ns period=2.500ns})
  Destination:            out_pixel[11]
                            (output port)
  Path Group:             (none)
  Path Type:              Max at Slow Process Corner
  Data Path Delay:        8.457ns  (logic 2.989ns (35.347%)  route 5.467ns (64.653%))
  Logic Levels:           3  (LUT3=1 LUT6=1 OBUF=1)
  Clock Uncertainty:      0.025ns  ((TSJ^2 + TIJ^2)^1/2 + DJ) / 2 + PE
    Total System Jitter     (TSJ):    0.050ns
    Total Input Jitter      (TIJ):    0.000ns
    Discrete Jitter          (DJ):    0.000ns
    Phase Error              (PE):    0.000ns
  Timing Exception:       False Path

    Location             Delay type                Incr(ns)  Path(ns)    Netlist Resource(s)
  -------------------------------------------------------------------    -------------------
                         (clock sys_clk rise edge)    0.000     0.000 r  <hidden>
    U7                                                0.000     0.000 r  clk
                         net (fo=0)                   0.000     0.000    clk
    U7                   IBUF (Prop_ibuf_I_O)         1.058     1.058 r  clk_IBUF_inst/O
                         net (fo=1, routed)           2.171     3.229    clk_IBUF
    BUFGCTRL_X0Y0        BUFG (Prop_bufg_I_O)         0.101     3.330 r  clk_IBUF_BUFG_inst/O
                         net (fo=131, routed)         1.791     5.121    controller_inst/clk_IBUF_BUFG
    SLICE_X101Y33        FDCE                                         r  controller_inst/FSM_sequential_current_state_reg[1]/C
  -------------------------------------------------------------------    -------------------
    SLICE_X101Y33        FDCE (Prop_fdce_C_Q)         0.456     5.577 r  controller_inst/FSM_sequential_current_state_reg[1]/Q
                         net (fo=14, routed)          1.301     6.879    controller_inst/Q[1]
    SLICE_X101Y31        LUT6 (Prop_lut6_I0_O)        0.124     7.003 r  controller_inst/data_valid_OBUF_inst_i_1/O
                         net (fo=20, routed)          1.818     8.821    genblk1[0].mac_pipeline_inst/data_valid_OBUF
    SLICE_X102Y48        LUT3 (Prop_lut3_I1_O)        0.146     8.967 r  genblk1[0].mac_pipeline_inst/out_pixel_OBUF[11]_inst_i_1/O
                         net (fo=1, routed)           2.348    11.315    out_pixel_OBUF[11]
    R17                  OBUF (Prop_obuf_I_O)         2.263    13.578 r  out_pixel_OBUF[11]_inst/O
                         net (fo=0)                   0.000    13.578    out_pixel[11]
    R17                                                               r  out_pixel[11]
  -------------------------------------------------------------------    -------------------

Slack:                    inf
  Source:                 controller_inst/FSM_sequential_current_state_reg[1]/C
                            (rising edge-triggered cell FDCE clocked by sys_clk  {rise@0.000ns fall@1.250ns period=2.500ns})
  Destination:            out_pixel[10]
                            (output port)
  Path Group:             (none)
  Path Type:              Max at Slow Process Corner
  Data Path Delay:        8.356ns  (logic 2.772ns (33.171%)  route 5.584ns (66.829%))
  Logic Levels:           3  (LUT3=1 LUT6=1 OBUF=1)
  Clock Uncertainty:      0.025ns  ((TSJ^2 + TIJ^2)^1/2 + DJ) / 2 + PE
    Total System Jitter     (TSJ):    0.050ns
    Total Input Jitter      (TIJ):    0.000ns
    Discrete Jitter          (DJ):    0.000ns
    Phase Error              (PE):    0.000ns
  Timing Exception:       False Path

    Location             Delay type                Incr(ns)  Path(ns)    Netlist Resource(s)
  -------------------------------------------------------------------    -------------------
                         (clock sys_clk rise edge)    0.000     0.000 r  <hidden>
    U7                                                0.000     0.000 r  clk
                         net (fo=0)                   0.000     0.000    clk
    U7                   IBUF (Prop_ibuf_I_O)         1.058     1.058 r  clk_IBUF_inst/O
                         net (fo=1, routed)           2.171     3.229    clk_IBUF
    BUFGCTRL_X0Y0        BUFG (Prop_bufg_I_O)         0.101     3.330 r  clk_IBUF_BUFG_inst/O
                         net (fo=131, routed)         1.791     5.121    controller_inst/clk_IBUF_BUFG
    SLICE_X101Y33        FDCE                                         r  controller_inst/FSM_sequential_current_state_reg[1]/C
  -------------------------------------------------------------------    -------------------
    SLICE_X101Y33        FDCE (Prop_fdce_C_Q)         0.456     5.577 r  controller_inst/FSM_sequential_current_state_reg[1]/Q
                         net (fo=14, routed)          1.301     6.879    controller_inst/Q[1]
    SLICE_X101Y31        LUT6 (Prop_lut6_I0_O)        0.124     7.003 r  controller_inst/data_valid_OBUF_inst_i_1/O
                         net (fo=20, routed)          1.818     8.821    genblk1[0].mac_pipeline_inst/data_valid_OBUF
    SLICE_X102Y48        LUT3 (Prop_lut3_I1_O)        0.124     8.945 r  genblk1[0].mac_pipeline_inst/out_pixel_OBUF[10]_inst_i_1/O
                         net (fo=1, routed)           2.464    11.410    out_pixel_OBUF[10]
    T17                  OBUF (Prop_obuf_I_O)         2.068    13.477 r  out_pixel_OBUF[10]_inst/O
                         net (fo=0)                   0.000    13.477    out_pixel[10]
    T17                                                               r  out_pixel[10]
  -------------------------------------------------------------------    -------------------

Slack:                    inf
  Source:                 controller_inst/FSM_sequential_current_state_reg[1]/C
                            (rising edge-triggered cell FDCE clocked by sys_clk  {rise@0.000ns fall@1.250ns period=2.500ns})
  Destination:            out_pixel[16]
                            (output port)
  Path Group:             (none)
  Path Type:              Max at Slow Process Corner
  Data Path Delay:        8.339ns  (logic 2.814ns (33.749%)  route 5.525ns (66.251%))
  Logic Levels:           3  (LUT3=1 LUT6=1 OBUF=1)
  Clock Uncertainty:      0.025ns  ((TSJ^2 + TIJ^2)^1/2 + DJ) / 2 + PE
    Total System Jitter     (TSJ):    0.050ns
    Total Input Jitter      (TIJ):    0.000ns
    Discrete Jitter          (DJ):    0.000ns
    Phase Error              (PE):    0.000ns
  Timing Exception:       False Path

    Location             Delay type                Incr(ns)  Path(ns)    Netlist Resource(s)
  -------------------------------------------------------------------    -------------------
                         (clock sys_clk rise edge)    0.000     0.000 r  <hidden>
    U7                                                0.000     0.000 r  clk
                         net (fo=0)                   0.000     0.000    clk
    U7                   IBUF (Prop_ibuf_I_O)         1.058     1.058 r  clk_IBUF_inst/O
                         net (fo=1, routed)           2.171     3.229    clk_IBUF
    BUFGCTRL_X0Y0        BUFG (Prop_bufg_I_O)         0.101     3.330 r  clk_IBUF_BUFG_inst/O
                         net (fo=131, routed)         1.791     5.121    controller_inst/clk_IBUF_BUFG
    SLICE_X101Y33        FDCE                                         r  controller_inst/FSM_sequential_current_state_reg[1]/C
  -------------------------------------------------------------------    -------------------
    SLICE_X101Y33        FDCE (Prop_fdce_C_Q)         0.456     5.577 r  controller_inst/FSM_sequential_current_state_reg[1]/Q
                         net (fo=14, routed)          1.301     6.879    controller_inst/Q[1]
    SLICE_X101Y31        LUT6 (Prop_lut6_I0_O)        0.124     7.003 r  controller_inst/data_valid_OBUF_inst_i_1/O
                         net (fo=20, routed)          1.690     8.693    genblk1[0].mac_pipeline_inst/data_valid_OBUF
    SLICE_X102Y49        LUT3 (Prop_lut3_I1_O)        0.124     8.817 r  genblk1[0].mac_pipeline_inst/out_pixel_OBUF[16]_inst_i_1/O
                         net (fo=1, routed)           2.534    11.350    out_pixel_OBUF[16]
    Y18                  OBUF (Prop_obuf_I_O)         2.110    13.461 r  out_pixel_OBUF[16]_inst/O
                         net (fo=0)                   0.000    13.461    out_pixel[16]
    Y18                                                               r  out_pixel[16]
  -------------------------------------------------------------------    -------------------

Slack:                    inf
  Source:                 controller_inst/FSM_sequential_current_state_reg[1]/C
                            (rising edge-triggered cell FDCE clocked by sys_clk  {rise@0.000ns fall@1.250ns period=2.500ns})
  Destination:            out_pixel[15]
                            (output port)
  Path Group:             (none)
  Path Type:              Max at Slow Process Corner
  Data Path Delay:        8.289ns  (logic 3.044ns (36.729%)  route 5.244ns (63.271%))
  Logic Levels:           3  (LUT3=1 LUT6=1 OBUF=1)
  Clock Uncertainty:      0.025ns  ((TSJ^2 + TIJ^2)^1/2 + DJ) / 2 + PE
    Total System Jitter     (TSJ):    0.050ns
    Total Input Jitter      (TIJ):    0.000ns
    Discrete Jitter          (DJ):    0.000ns
    Phase Error              (PE):    0.000ns
  Timing Exception:       False Path

    Location             Delay type                Incr(ns)  Path(ns)    Netlist Resource(s)
  -------------------------------------------------------------------    -------------------
                         (clock sys_clk rise edge)    0.000     0.000 r  <hidden>
    U7                                                0.000     0.000 r  clk
                         net (fo=0)                   0.000     0.000    clk
    U7                   IBUF (Prop_ibuf_I_O)         1.058     1.058 r  clk_IBUF_inst/O
                         net (fo=1, routed)           2.171     3.229    clk_IBUF
    BUFGCTRL_X0Y0        BUFG (Prop_bufg_I_O)         0.101     3.330 r  clk_IBUF_BUFG_inst/O
                         net (fo=131, routed)         1.791     5.121    controller_inst/clk_IBUF_BUFG
    SLICE_X101Y33        FDCE                                         r  controller_inst/FSM_sequential_current_state_reg[1]/C
  -------------------------------------------------------------------    -------------------
    SLICE_X101Y33        FDCE (Prop_fdce_C_Q)         0.456     5.577 r  controller_inst/FSM_sequential_current_state_reg[1]/Q
                         net (fo=14, routed)          1.301     6.879    controller_inst/Q[1]
    SLICE_X101Y31        LUT6 (Prop_lut6_I0_O)        0.124     7.003 r  controller_inst/data_valid_OBUF_inst_i_1/O
                         net (fo=20, routed)          1.405     8.408    genblk1[0].mac_pipeline_inst/data_valid_OBUF
    SLICE_X102Y48        LUT3 (Prop_lut3_I1_O)        0.153     8.561 r  genblk1[0].mac_pipeline_inst/out_pixel_OBUF[15]_inst_i_1/O
                         net (fo=1, routed)           2.537    11.099    out_pixel_OBUF[15]
    Y19                  OBUF (Prop_obuf_I_O)         2.311    13.410 r  out_pixel_OBUF[15]_inst/O
                         net (fo=0)                   0.000    13.410    out_pixel[15]
    Y19                                                               r  out_pixel[15]
  -------------------------------------------------------------------    -------------------

Slack:                    inf
  Source:                 controller_inst/FSM_sequential_current_state_reg[1]/C
                            (rising edge-triggered cell FDCE clocked by sys_clk  {rise@0.000ns fall@1.250ns period=2.500ns})
  Destination:            out_pixel[12]
                            (output port)
  Path Group:             (none)
  Path Type:              Max at Slow Process Corner
  Data Path Delay:        8.236ns  (logic 2.769ns (33.617%)  route 5.467ns (66.383%))
  Logic Levels:           3  (LUT3=1 LUT6=1 OBUF=1)
  Clock Uncertainty:      0.025ns  ((TSJ^2 + TIJ^2)^1/2 + DJ) / 2 + PE
    Total System Jitter     (TSJ):    0.050ns
    Total Input Jitter      (TIJ):    0.000ns
    Discrete Jitter          (DJ):    0.000ns
    Phase Error              (PE):    0.000ns
  Timing Exception:       False Path

    Location             Delay type                Incr(ns)  Path(ns)    Netlist Resource(s)
  -------------------------------------------------------------------    -------------------
                         (clock sys_clk rise edge)    0.000     0.000 r  <hidden>
    U7                                                0.000     0.000 r  clk
                         net (fo=0)                   0.000     0.000    clk
    U7                   IBUF (Prop_ibuf_I_O)         1.058     1.058 r  clk_IBUF_inst/O
                         net (fo=1, routed)           2.171     3.229    clk_IBUF
    BUFGCTRL_X0Y0        BUFG (Prop_bufg_I_O)         0.101     3.330 r  clk_IBUF_BUFG_inst/O
                         net (fo=131, routed)         1.791     5.121    controller_inst/clk_IBUF_BUFG
    SLICE_X101Y33        FDCE                                         r  controller_inst/FSM_sequential_current_state_reg[1]/C
  -------------------------------------------------------------------    -------------------
    SLICE_X101Y33        FDCE (Prop_fdce_C_Q)         0.456     5.577 r  controller_inst/FSM_sequential_current_state_reg[1]/Q
                         net (fo=14, routed)          1.301     6.879    controller_inst/Q[1]
    SLICE_X101Y31        LUT6 (Prop_lut6_I0_O)        0.124     7.003 r  controller_inst/data_valid_OBUF_inst_i_1/O
                         net (fo=20, routed)          1.810     8.813    genblk1[0].mac_pipeline_inst/data_valid_OBUF
    SLICE_X102Y48        LUT3 (Prop_lut3_I1_O)        0.124     8.937 r  genblk1[0].mac_pipeline_inst/out_pixel_OBUF[12]_inst_i_1/O
                         net (fo=1, routed)           2.356    11.293    out_pixel_OBUF[12]
    R16                  OBUF (Prop_obuf_I_O)         2.065    13.358 r  out_pixel_OBUF[12]_inst/O
                         net (fo=0)                   0.000    13.358    out_pixel[12]
    R16                                                               r  out_pixel[12]
  -------------------------------------------------------------------    -------------------

Slack:                    inf
  Source:                 controller_inst/FSM_sequential_current_state_reg[1]/C
                            (rising edge-triggered cell FDCE clocked by sys_clk  {rise@0.000ns fall@1.250ns period=2.500ns})
  Destination:            out_pixel[18]
                            (output port)
  Path Group:             (none)
  Path Type:              Max at Slow Process Corner
  Data Path Delay:        8.118ns  (logic 2.812ns (34.642%)  route 5.306ns (65.358%))
  Logic Levels:           3  (LUT3=1 LUT6=1 OBUF=1)
  Clock Uncertainty:      0.025ns  ((TSJ^2 + TIJ^2)^1/2 + DJ) / 2 + PE
    Total System Jitter     (TSJ):    0.050ns
    Total Input Jitter      (TIJ):    0.000ns
    Discrete Jitter          (DJ):    0.000ns
    Phase Error              (PE):    0.000ns
  Timing Exception:       False Path

    Location             Delay type                Incr(ns)  Path(ns)    Netlist Resource(s)
  -------------------------------------------------------------------    -------------------
                         (clock sys_clk rise edge)    0.000     0.000 r  <hidden>
    U7                                                0.000     0.000 r  clk
                         net (fo=0)                   0.000     0.000    clk
    U7                   IBUF (Prop_ibuf_I_O)         1.058     1.058 r  clk_IBUF_inst/O
                         net (fo=1, routed)           2.171     3.229    clk_IBUF
    BUFGCTRL_X0Y0        BUFG (Prop_bufg_I_O)         0.101     3.330 r  clk_IBUF_BUFG_inst/O
                         net (fo=131, routed)         1.791     5.121    controller_inst/clk_IBUF_BUFG
    SLICE_X101Y33        FDCE                                         r  controller_inst/FSM_sequential_current_state_reg[1]/C
  -------------------------------------------------------------------    -------------------
    SLICE_X101Y33        FDCE (Prop_fdce_C_Q)         0.456     5.577 r  controller_inst/FSM_sequential_current_state_reg[1]/Q
                         net (fo=14, routed)          1.301     6.879    controller_inst/Q[1]
    SLICE_X101Y31        LUT6 (Prop_lut6_I0_O)        0.124     7.003 r  controller_inst/data_valid_OBUF_inst_i_1/O
                         net (fo=20, routed)          1.606     8.609    genblk1[0].mac_pipeline_inst/data_valid_OBUF
    SLICE_X104Y49        LUT3 (Prop_lut3_I1_O)        0.124     8.733 r  genblk1[0].mac_pipeline_inst/out_pixel_OBUF[18]_inst_i_1/O
                         net (fo=1, routed)           2.398    11.131    out_pixel_OBUF[18]
    V20                  OBUF (Prop_obuf_I_O)         2.108    13.240 r  out_pixel_OBUF[18]_inst/O
                         net (fo=0)                   0.000    13.240    out_pixel[18]
    V20                                                               r  out_pixel[18]
  -------------------------------------------------------------------    -------------------

Slack:                    inf
  Source:                 controller_inst/FSM_sequential_current_state_reg[1]/C
                            (rising edge-triggered cell FDCE clocked by sys_clk  {rise@0.000ns fall@1.250ns period=2.500ns})
  Destination:            out_pixel[0]
                            (output port)
  Path Group:             (none)
  Path Type:              Max at Slow Process Corner
  Data Path Delay:        8.079ns  (logic 3.026ns (37.457%)  route 5.053ns (62.543%))
  Logic Levels:           3  (LUT3=1 LUT6=1 OBUF=1)
  Clock Uncertainty:      0.025ns  ((TSJ^2 + TIJ^2)^1/2 + DJ) / 2 + PE
    Total System Jitter     (TSJ):    0.050ns
    Total Input Jitter      (TIJ):    0.000ns
    Discrete Jitter          (DJ):    0.000ns
    Phase Error              (PE):    0.000ns
  Timing Exception:       False Path

    Location             Delay type                Incr(ns)  Path(ns)    Netlist Resource(s)
  -------------------------------------------------------------------    -------------------
                         (clock sys_clk rise edge)    0.000     0.000 r  <hidden>
    U7                                                0.000     0.000 r  clk
                         net (fo=0)                   0.000     0.000    clk
    U7                   IBUF (Prop_ibuf_I_O)         1.058     1.058 r  clk_IBUF_inst/O
                         net (fo=1, routed)           2.171     3.229    clk_IBUF
    BUFGCTRL_X0Y0        BUFG (Prop_bufg_I_O)         0.101     3.330 r  clk_IBUF_BUFG_inst/O
                         net (fo=131, routed)         1.791     5.121    controller_inst/clk_IBUF_BUFG
    SLICE_X101Y33        FDCE                                         r  controller_inst/FSM_sequential_current_state_reg[1]/C
  -------------------------------------------------------------------    -------------------
    SLICE_X101Y33        FDCE (Prop_fdce_C_Q)         0.456     5.577 r  controller_inst/FSM_sequential_current_state_reg[1]/Q
                         net (fo=14, routed)          1.301     6.879    controller_inst/Q[1]
    SLICE_X101Y31        LUT6 (Prop_lut6_I0_O)        0.124     7.003 r  controller_inst/data_valid_OBUF_inst_i_1/O
                         net (fo=20, routed)          1.688     8.691    genblk1[0].mac_pipeline_inst/data_valid_OBUF
    SLICE_X102Y49        LUT3 (Prop_lut3_I1_O)        0.150     8.841 r  genblk1[0].mac_pipeline_inst/out_pixel_OBUF[0]_inst_i_1/O
                         net (fo=1, routed)           2.064    10.904    out_pixel_OBUF[0]
    T19                  OBUF (Prop_obuf_I_O)         2.296    13.201 r  out_pixel_OBUF[0]_inst/O
                         net (fo=0)                   0.000    13.201    out_pixel[0]
    T19                                                               r  out_pixel[0]
  -------------------------------------------------------------------    -------------------





Min Delay Paths
--------------------------------------------------------------------------------------
Slack:                    inf
  Source:                 genblk1[0].mac_pipeline_inst/accumulation_stage_reg[9]/CLK
                            (rising edge-triggered cell DSP48E1 clocked by sys_clk  {rise@0.000ns fall@1.250ns period=2.500ns})
  Destination:            out_pixel[2]
                            (output port)
  Path Group:             (none)
  Path Type:              Min at Fast Process Corner
  Data Path Delay:        1.893ns  (logic 1.049ns (55.429%)  route 0.844ns (44.571%))
  Logic Levels:           2  (LUT3=1 OBUF=1)
  Clock Uncertainty:      0.025ns  ((TSJ^2 + TIJ^2)^1/2 + DJ) / 2 + PE
    Total System Jitter     (TSJ):    0.050ns
    Total Input Jitter      (TIJ):    0.000ns
    Discrete Jitter          (DJ):    0.000ns
    Phase Error              (PE):    0.000ns
  Timing Exception:       False Path

    Location             Delay type                Incr(ns)  Path(ns)    Netlist Resource(s)
  -------------------------------------------------------------------    -------------------
                         (clock sys_clk rise edge)    0.000     0.000 r  <hidden>
    U7                                                0.000     0.000 r  clk
                         net (fo=0)                   0.000     0.000    clk
    U7                   IBUF (Prop_ibuf_I_O)         0.286     0.286 r  clk_IBUF_inst/O
                         net (fo=1, routed)           0.663     0.949    clk_IBUF
    BUFGCTRL_X0Y0        BUFG (Prop_bufg_I_O)         0.026     0.975 r  clk_IBUF_BUFG_inst/O
                         net (fo=131, routed)         0.701     1.677    genblk1[0].mac_pipeline_inst/clk_IBUF_BUFG
    DSP48_X4Y18          DSP48E1                                      r  genblk1[0].mac_pipeline_inst/accumulation_stage_reg[9]/CLK
  -------------------------------------------------------------------    -------------------
    DSP48_X4Y18          DSP48E1 (Prop_dsp48e1_CLK_P[19])
                                                      0.126     1.803 f  genblk1[0].mac_pipeline_inst/accumulation_stage_reg[9]/P[19]
                         net (fo=19, routed)          0.286     2.088    genblk1[0].mac_pipeline_inst/accumulation_stage_reg_n_86_[9]
    SLICE_X102Y48        LUT3 (Prop_lut3_I2_O)        0.045     2.133 r  genblk1[0].mac_pipeline_inst/out_pixel_OBUF[2]_inst_i_1/O
                         net (fo=1, routed)           0.558     2.691    out_pixel_OBUF[2]
    P15                  OBUF (Prop_obuf_I_O)         0.878     3.570 r  out_pixel_OBUF[2]_inst/O
                         net (fo=0)                   0.000     3.570    out_pixel[2]
    P15                                                               r  out_pixel[2]
  -------------------------------------------------------------------    -------------------

Slack:                    inf
  Source:                 genblk1[0].mac_pipeline_inst/accumulation_stage_reg[9]/CLK
                            (rising edge-triggered cell DSP48E1 clocked by sys_clk  {rise@0.000ns fall@1.250ns period=2.500ns})
  Destination:            out_pixel[4]
                            (output port)
  Path Group:             (none)
  Path Type:              Min at Fast Process Corner
  Data Path Delay:        1.901ns  (logic 1.046ns (55.004%)  route 0.856ns (44.996%))
  Logic Levels:           2  (LUT3=1 OBUF=1)
  Clock Uncertainty:      0.025ns  ((TSJ^2 + TIJ^2)^1/2 + DJ) / 2 + PE
    Total System Jitter     (TSJ):    0.050ns
    Total Input Jitter      (TIJ):    0.000ns
    Discrete Jitter          (DJ):    0.000ns
    Phase Error              (PE):    0.000ns
  Timing Exception:       False Path

    Location             Delay type                Incr(ns)  Path(ns)    Netlist Resource(s)
  -------------------------------------------------------------------    -------------------
                         (clock sys_clk rise edge)    0.000     0.000 r  <hidden>
    U7                                                0.000     0.000 r  clk
                         net (fo=0)                   0.000     0.000    clk
    U7                   IBUF (Prop_ibuf_I_O)         0.286     0.286 r  clk_IBUF_inst/O
                         net (fo=1, routed)           0.663     0.949    clk_IBUF
    BUFGCTRL_X0Y0        BUFG (Prop_bufg_I_O)         0.026     0.975 r  clk_IBUF_BUFG_inst/O
                         net (fo=131, routed)         0.701     1.677    genblk1[0].mac_pipeline_inst/clk_IBUF_BUFG
    DSP48_X4Y18          DSP48E1                                      r  genblk1[0].mac_pipeline_inst/accumulation_stage_reg[9]/CLK
  -------------------------------------------------------------------    -------------------
    DSP48_X4Y18          DSP48E1 (Prop_dsp48e1_CLK_P[19])
                                                      0.126     1.803 f  genblk1[0].mac_pipeline_inst/accumulation_stage_reg[9]/P[19]
                         net (fo=19, routed)          0.294     2.097    genblk1[0].mac_pipeline_inst/accumulation_stage_reg_n_86_[9]
    SLICE_X104Y49        LUT3 (Prop_lut3_I2_O)        0.045     2.142 r  genblk1[0].mac_pipeline_inst/out_pixel_OBUF[4]_inst_i_1/O
                         net (fo=1, routed)           0.562     2.703    out_pixel_OBUF[4]
    N17                  OBUF (Prop_obuf_I_O)         0.875     3.578 r  out_pixel_OBUF[4]_inst/O
                         net (fo=0)                   0.000     3.578    out_pixel[4]
    N17                                                               r  out_pixel[4]
  -------------------------------------------------------------------    -------------------

Slack:                    inf
  Source:                 genblk1[0].mac_pipeline_inst/accumulation_stage_reg[9]/CLK
                            (rising edge-triggered cell DSP48E1 clocked by sys_clk  {rise@0.000ns fall@1.250ns period=2.500ns})
  Destination:            out_pixel[6]
                            (output port)
  Path Group:             (none)
  Path Type:              Min at Fast Process Corner
  Data Path Delay:        1.940ns  (logic 1.060ns (54.622%)  route 0.880ns (45.378%))
  Logic Levels:           2  (LUT3=1 OBUF=1)
  Clock Uncertainty:      0.025ns  ((TSJ^2 + TIJ^2)^1/2 + DJ) / 2 + PE
    Total System Jitter     (TSJ):    0.050ns
    Total Input Jitter      (TIJ):    0.000ns
    Discrete Jitter          (DJ):    0.000ns
    Phase Error              (PE):    0.000ns
  Timing Exception:       False Path

    Location             Delay type                Incr(ns)  Path(ns)    Netlist Resource(s)
  -------------------------------------------------------------------    -------------------
                         (clock sys_clk rise edge)    0.000     0.000 r  <hidden>
    U7                                                0.000     0.000 r  clk
                         net (fo=0)                   0.000     0.000    clk
    U7                   IBUF (Prop_ibuf_I_O)         0.286     0.286 r  clk_IBUF_inst/O
                         net (fo=1, routed)           0.663     0.949    clk_IBUF
    BUFGCTRL_X0Y0        BUFG (Prop_bufg_I_O)         0.026     0.975 r  clk_IBUF_BUFG_inst/O
                         net (fo=131, routed)         0.701     1.677    genblk1[0].mac_pipeline_inst/clk_IBUF_BUFG
    DSP48_X4Y18          DSP48E1                                      r  genblk1[0].mac_pipeline_inst/accumulation_stage_reg[9]/CLK
  -------------------------------------------------------------------    -------------------
    DSP48_X4Y18          DSP48E1 (Prop_dsp48e1_CLK_P[6])
                                                      0.126     1.803 r  genblk1[0].mac_pipeline_inst/accumulation_stage_reg[9]/P[6]
                         net (fo=1, routed)           0.308     2.110    genblk1[0].mac_pipeline_inst/accumulation_stage_reg_n_99_[9]
    SLICE_X102Y49        LUT3 (Prop_lut3_I0_O)        0.045     2.155 r  genblk1[0].mac_pipeline_inst/out_pixel_OBUF[6]_inst_i_1/O
                         net (fo=1, routed)           0.573     2.728    out_pixel_OBUF[6]
    W18                  OBUF (Prop_obuf_I_O)         0.889     3.617 r  out_pixel_OBUF[6]_inst/O
                         net (fo=0)                   0.000     3.617    out_pixel[6]
    W18                                                               r  out_pixel[6]
  -------------------------------------------------------------------    -------------------

Slack:                    inf
  Source:                 genblk1[0].mac_pipeline_inst/accumulation_stage_reg[9]/CLK
                            (rising edge-triggered cell DSP48E1 clocked by sys_clk  {rise@0.000ns fall@1.250ns period=2.500ns})
  Destination:            out_pixel[1]
                            (output port)
  Path Group:             (none)
  Path Type:              Min at Fast Process Corner
  Data Path Delay:        1.941ns  (logic 1.054ns (54.322%)  route 0.887ns (45.678%))
  Logic Levels:           2  (LUT3=1 OBUF=1)
  Clock Uncertainty:      0.025ns  ((TSJ^2 + TIJ^2)^1/2 + DJ) / 2 + PE
    Total System Jitter     (TSJ):    0.050ns
    Total Input Jitter      (TIJ):    0.000ns
    Discrete Jitter          (DJ):    0.000ns
    Phase Error              (PE):    0.000ns
  Timing Exception:       False Path

    Location             Delay type                Incr(ns)  Path(ns)    Netlist Resource(s)
  -------------------------------------------------------------------    -------------------
                         (clock sys_clk rise edge)    0.000     0.000 r  <hidden>
    U7                                                0.000     0.000 r  clk
                         net (fo=0)                   0.000     0.000    clk
    U7                   IBUF (Prop_ibuf_I_O)         0.286     0.286 r  clk_IBUF_inst/O
                         net (fo=1, routed)           0.663     0.949    clk_IBUF
    BUFGCTRL_X0Y0        BUFG (Prop_bufg_I_O)         0.026     0.975 r  clk_IBUF_BUFG_inst/O
                         net (fo=131, routed)         0.701     1.677    genblk1[0].mac_pipeline_inst/clk_IBUF_BUFG
    DSP48_X4Y18          DSP48E1                                      r  genblk1[0].mac_pipeline_inst/accumulation_stage_reg[9]/CLK
  -------------------------------------------------------------------    -------------------
    DSP48_X4Y18          DSP48E1 (Prop_dsp48e1_CLK_P[1])
                                                      0.126     1.803 r  genblk1[0].mac_pipeline_inst/accumulation_stage_reg[9]/P[1]
                         net (fo=1, routed)           0.342     2.145    genblk1[0].mac_pipeline_inst/accumulation_stage_reg_n_104_[9]
    SLICE_X102Y49        LUT3 (Prop_lut3_I0_O)        0.045     2.190 r  genblk1[0].mac_pipeline_inst/out_pixel_OBUF[1]_inst_i_1/O
                         net (fo=1, routed)           0.544     2.734    out_pixel_OBUF[1]
    P16                  OBUF (Prop_obuf_I_O)         0.883     3.617 r  out_pixel_OBUF[1]_inst/O
                         net (fo=0)                   0.000     3.617    out_pixel[1]
    P16                                                               r  out_pixel[1]
  -------------------------------------------------------------------    -------------------

Slack:                    inf
  Source:                 genblk1[0].mac_pipeline_inst/accumulation_stage_reg[9]/CLK
                            (rising edge-triggered cell DSP48E1 clocked by sys_clk  {rise@0.000ns fall@1.250ns period=2.500ns})
  Destination:            out_pixel[18]
                            (output port)
  Path Group:             (none)
  Path Type:              Min at Fast Process Corner
  Data Path Delay:        1.958ns  (logic 1.092ns (55.772%)  route 0.866ns (44.229%))
  Logic Levels:           2  (LUT3=1 OBUF=1)
  Clock Uncertainty:      0.025ns  ((TSJ^2 + TIJ^2)^1/2 + DJ) / 2 + PE
    Total System Jitter     (TSJ):    0.050ns
    Total Input Jitter      (TIJ):    0.000ns
    Discrete Jitter          (DJ):    0.000ns
    Phase Error              (PE):    0.000ns
  Timing Exception:       False Path

    Location             Delay type                Incr(ns)  Path(ns)    Netlist Resource(s)
  -------------------------------------------------------------------    -------------------
                         (clock sys_clk rise edge)    0.000     0.000 r  <hidden>
    U7                                                0.000     0.000 r  clk
                         net (fo=0)                   0.000     0.000    clk
    U7                   IBUF (Prop_ibuf_I_O)         0.286     0.286 r  clk_IBUF_inst/O
                         net (fo=1, routed)           0.663     0.949    clk_IBUF
    BUFGCTRL_X0Y0        BUFG (Prop_bufg_I_O)         0.026     0.975 r  clk_IBUF_BUFG_inst/O
                         net (fo=131, routed)         0.701     1.677    genblk1[0].mac_pipeline_inst/clk_IBUF_BUFG
    DSP48_X4Y18          DSP48E1                                      r  genblk1[0].mac_pipeline_inst/accumulation_stage_reg[9]/CLK
  -------------------------------------------------------------------    -------------------
    DSP48_X4Y18          DSP48E1 (Prop_dsp48e1_CLK_P[18])
                                                      0.126     1.803 r  genblk1[0].mac_pipeline_inst/accumulation_stage_reg[9]/P[18]
                         net (fo=1, routed)           0.180     1.982    genblk1[0].mac_pipeline_inst/accumulation_stage_reg_n_87_[9]
    SLICE_X104Y49        LUT3 (Prop_lut3_I0_O)        0.045     2.027 r  genblk1[0].mac_pipeline_inst/out_pixel_OBUF[18]_inst_i_1/O
                         net (fo=1, routed)           0.686     2.713    out_pixel_OBUF[18]
    V20                  OBUF (Prop_obuf_I_O)         0.921     3.634 r  out_pixel_OBUF[18]_inst/O
                         net (fo=0)                   0.000     3.634    out_pixel[18]
    V20                                                               r  out_pixel[18]
  -------------------------------------------------------------------    -------------------

Slack:                    inf
  Source:                 genblk1[0].mac_pipeline_inst/accumulation_stage_reg[9]/CLK
                            (rising edge-triggered cell DSP48E1 clocked by sys_clk  {rise@0.000ns fall@1.250ns period=2.500ns})
  Destination:            out_pixel[3]
                            (output port)
  Path Group:             (none)
  Path Type:              Min at Fast Process Corner
  Data Path Delay:        1.958ns  (logic 1.104ns (56.364%)  route 0.855ns (43.636%))
  Logic Levels:           2  (LUT3=1 OBUF=1)
  Clock Uncertainty:      0.025ns  ((TSJ^2 + TIJ^2)^1/2 + DJ) / 2 + PE
    Total System Jitter     (TSJ):    0.050ns
    Total Input Jitter      (TIJ):    0.000ns
    Discrete Jitter          (DJ):    0.000ns
    Phase Error              (PE):    0.000ns
  Timing Exception:       False Path

    Location             Delay type                Incr(ns)  Path(ns)    Netlist Resource(s)
  -------------------------------------------------------------------    -------------------
                         (clock sys_clk rise edge)    0.000     0.000 r  <hidden>
    U7                                                0.000     0.000 r  clk
                         net (fo=0)                   0.000     0.000    clk
    U7                   IBUF (Prop_ibuf_I_O)         0.286     0.286 r  clk_IBUF_inst/O
                         net (fo=1, routed)           0.663     0.949    clk_IBUF
    BUFGCTRL_X0Y0        BUFG (Prop_bufg_I_O)         0.026     0.975 r  clk_IBUF_BUFG_inst/O
                         net (fo=131, routed)         0.701     1.677    genblk1[0].mac_pipeline_inst/clk_IBUF_BUFG
    DSP48_X4Y18          DSP48E1                                      r  genblk1[0].mac_pipeline_inst/accumulation_stage_reg[9]/CLK
  -------------------------------------------------------------------    -------------------
    DSP48_X4Y18          DSP48E1 (Prop_dsp48e1_CLK_P[19])
                                                      0.126     1.803 f  genblk1[0].mac_pipeline_inst/accumulation_stage_reg[9]/P[19]
                         net (fo=19, routed)          0.286     2.088    genblk1[0].mac_pipeline_inst/accumulation_stage_reg_n_86_[9]
    SLICE_X102Y48        LUT3 (Prop_lut3_I2_O)        0.044     2.132 r  genblk1[0].mac_pipeline_inst/out_pixel_OBUF[3]_inst_i_1/O
                         net (fo=1, routed)           0.569     2.701    out_pixel_OBUF[3]
    P18                  OBUF (Prop_obuf_I_O)         0.934     3.635 r  out_pixel_OBUF[3]_inst/O
                         net (fo=0)                   0.000     3.635    out_pixel[3]
    P18                                                               r  out_pixel[3]
  -------------------------------------------------------------------    -------------------

Slack:                    inf
  Source:                 genblk1[0].mac_pipeline_inst/accumulation_stage_reg[9]/CLK
                            (rising edge-triggered cell DSP48E1 clocked by sys_clk  {rise@0.000ns fall@1.250ns period=2.500ns})
  Destination:            out_pixel[12]
                            (output port)
  Path Group:             (none)
  Path Type:              Min at Fast Process Corner
  Data Path Delay:        1.979ns  (logic 1.049ns (52.996%)  route 0.930ns (47.004%))
  Logic Levels:           2  (LUT3=1 OBUF=1)
  Clock Uncertainty:      0.025ns  ((TSJ^2 + TIJ^2)^1/2 + DJ) / 2 + PE
    Total System Jitter     (TSJ):    0.050ns
    Total Input Jitter      (TIJ):    0.000ns
    Discrete Jitter          (DJ):    0.000ns
    Phase Error              (PE):    0.000ns
  Timing Exception:       False Path

    Location             Delay type                Incr(ns)  Path(ns)    Netlist Resource(s)
  -------------------------------------------------------------------    -------------------
                         (clock sys_clk rise edge)    0.000     0.000 r  <hidden>
    U7                                                0.000     0.000 r  clk
                         net (fo=0)                   0.000     0.000    clk
    U7                   IBUF (Prop_ibuf_I_O)         0.286     0.286 r  clk_IBUF_inst/O
                         net (fo=1, routed)           0.663     0.949    clk_IBUF
    BUFGCTRL_X0Y0        BUFG (Prop_bufg_I_O)         0.026     0.975 r  clk_IBUF_BUFG_inst/O
                         net (fo=131, routed)         0.701     1.677    genblk1[0].mac_pipeline_inst/clk_IBUF_BUFG
    DSP48_X4Y18          DSP48E1                                      r  genblk1[0].mac_pipeline_inst/accumulation_stage_reg[9]/CLK
  -------------------------------------------------------------------    -------------------
    DSP48_X4Y18          DSP48E1 (Prop_dsp48e1_CLK_P[12])
                                                      0.126     1.803 r  genblk1[0].mac_pipeline_inst/accumulation_stage_reg[9]/P[12]
                         net (fo=1, routed)           0.249     2.052    genblk1[0].mac_pipeline_inst/accumulation_stage_reg_n_93_[9]
    SLICE_X102Y48        LUT3 (Prop_lut3_I0_O)        0.045     2.097 r  genblk1[0].mac_pipeline_inst/out_pixel_OBUF[12]_inst_i_1/O
                         net (fo=1, routed)           0.681     2.778    out_pixel_OBUF[12]
    R16                  OBUF (Prop_obuf_I_O)         0.878     3.655 r  out_pixel_OBUF[12]_inst/O
                         net (fo=0)                   0.000     3.655    out_pixel[12]
    R16                                                               r  out_pixel[12]
  -------------------------------------------------------------------    -------------------

Slack:                    inf
  Source:                 genblk1[0].mac_pipeline_inst/accumulation_stage_reg[9]/CLK
                            (rising edge-triggered cell DSP48E1 clocked by sys_clk  {rise@0.000ns fall@1.250ns period=2.500ns})
  Destination:            out_pixel[5]
                            (output port)
  Path Group:             (none)
  Path Type:              Min at Fast Process Corner
  Data Path Delay:        1.986ns  (logic 1.125ns (56.676%)  route 0.860ns (43.324%))
  Logic Levels:           2  (LUT3=1 OBUF=1)
  Clock Uncertainty:      0.025ns  ((TSJ^2 + TIJ^2)^1/2 + DJ) / 2 + PE
    Total System Jitter     (TSJ):    0.050ns
    Total Input Jitter      (TIJ):    0.000ns
    Discrete Jitter          (DJ):    0.000ns
    Phase Error              (PE):    0.000ns
  Timing Exception:       False Path

    Location             Delay type                Incr(ns)  Path(ns)    Netlist Resource(s)
  -------------------------------------------------------------------    -------------------
                         (clock sys_clk rise edge)    0.000     0.000 r  <hidden>
    U7                                                0.000     0.000 r  clk
                         net (fo=0)                   0.000     0.000    clk
    U7                   IBUF (Prop_ibuf_I_O)         0.286     0.286 r  clk_IBUF_inst/O
                         net (fo=1, routed)           0.663     0.949    clk_IBUF
    BUFGCTRL_X0Y0        BUFG (Prop_bufg_I_O)         0.026     0.975 r  clk_IBUF_BUFG_inst/O
                         net (fo=131, routed)         0.701     1.677    genblk1[0].mac_pipeline_inst/clk_IBUF_BUFG
    DSP48_X4Y18          DSP48E1                                      r  genblk1[0].mac_pipeline_inst/accumulation_stage_reg[9]/CLK
  -------------------------------------------------------------------    -------------------
    DSP48_X4Y18          DSP48E1 (Prop_dsp48e1_CLK_P[19])
                                                      0.126     1.803 f  genblk1[0].mac_pipeline_inst/accumulation_stage_reg[9]/P[19]
                         net (fo=19, routed)          0.294     2.097    genblk1[0].mac_pipeline_inst/accumulation_stage_reg_n_86_[9]
    SLICE_X104Y49        LUT3 (Prop_lut3_I2_O)        0.048     2.145 r  genblk1[0].mac_pipeline_inst/out_pixel_OBUF[5]_inst_i_1/O
                         net (fo=1, routed)           0.566     2.711    out_pixel_OBUF[5]
    W19                  OBUF (Prop_obuf_I_O)         0.951     3.662 r  out_pixel_OBUF[5]_inst/O
                         net (fo=0)                   0.000     3.662    out_pixel[5]
    W19                                                               r  out_pixel[5]
  -------------------------------------------------------------------    -------------------

Slack:                    inf
  Source:                 genblk1[0].mac_pipeline_inst/accumulation_stage_reg[9]/CLK
                            (rising edge-triggered cell DSP48E1 clocked by sys_clk  {rise@0.000ns fall@1.250ns period=2.500ns})
  Destination:            out_pixel[14]
                            (output port)
  Path Group:             (none)
  Path Type:              Min at Fast Process Corner
  Data Path Delay:        2.001ns  (logic 1.068ns (53.360%)  route 0.933ns (46.640%))
  Logic Levels:           2  (LUT3=1 OBUF=1)
  Clock Uncertainty:      0.025ns  ((TSJ^2 + TIJ^2)^1/2 + DJ) / 2 + PE
    Total System Jitter     (TSJ):    0.050ns
    Total Input Jitter      (TIJ):    0.000ns
    Discrete Jitter          (DJ):    0.000ns
    Phase Error              (PE):    0.000ns
  Timing Exception:       False Path

    Location             Delay type                Incr(ns)  Path(ns)    Netlist Resource(s)
  -------------------------------------------------------------------    -------------------
                         (clock sys_clk rise edge)    0.000     0.000 r  <hidden>
    U7                                                0.000     0.000 r  clk
                         net (fo=0)                   0.000     0.000    clk
    U7                   IBUF (Prop_ibuf_I_O)         0.286     0.286 r  clk_IBUF_inst/O
                         net (fo=1, routed)           0.663     0.949    clk_IBUF
    BUFGCTRL_X0Y0        BUFG (Prop_bufg_I_O)         0.026     0.975 r  clk_IBUF_BUFG_inst/O
                         net (fo=131, routed)         0.701     1.677    genblk1[0].mac_pipeline_inst/clk_IBUF_BUFG
    DSP48_X4Y18          DSP48E1                                      r  genblk1[0].mac_pipeline_inst/accumulation_stage_reg[9]/CLK
  -------------------------------------------------------------------    -------------------
    DSP48_X4Y18          DSP48E1 (Prop_dsp48e1_CLK_P[14])
                                                      0.126     1.803 r  genblk1[0].mac_pipeline_inst/accumulation_stage_reg[9]/P[14]
                         net (fo=1, routed)           0.200     2.003    genblk1[0].mac_pipeline_inst/accumulation_stage_reg_n_91_[9]
    SLICE_X102Y48        LUT3 (Prop_lut3_I0_O)        0.045     2.048 r  genblk1[0].mac_pipeline_inst/out_pixel_OBUF[14]_inst_i_1/O
                         net (fo=1, routed)           0.733     2.781    out_pixel_OBUF[14]
    V16                  OBUF (Prop_obuf_I_O)         0.897     3.678 r  out_pixel_OBUF[14]_inst/O
                         net (fo=0)                   0.000     3.678    out_pixel[14]
    V16                                                               r  out_pixel[14]
  -------------------------------------------------------------------    -------------------

Slack:                    inf
  Source:                 genblk1[0].mac_pipeline_inst/accumulation_stage_reg[9]/CLK
                            (rising edge-triggered cell DSP48E1 clocked by sys_clk  {rise@0.000ns fall@1.250ns period=2.500ns})
  Destination:            out_pixel[8]
                            (output port)
  Path Group:             (none)
  Path Type:              Min at Fast Process Corner
  Data Path Delay:        2.013ns  (logic 1.080ns (53.668%)  route 0.933ns (46.332%))
  Logic Levels:           2  (LUT3=1 OBUF=1)
  Clock Uncertainty:      0.025ns  ((TSJ^2 + TIJ^2)^1/2 + DJ) / 2 + PE
    Total System Jitter     (TSJ):    0.050ns
    Total Input Jitter      (TIJ):    0.000ns
    Discrete Jitter          (DJ):    0.000ns
    Phase Error              (PE):    0.000ns
  Timing Exception:       False Path

    Location             Delay type                Incr(ns)  Path(ns)    Netlist Resource(s)
  -------------------------------------------------------------------    -------------------
                         (clock sys_clk rise edge)    0.000     0.000 r  <hidden>
    U7                                                0.000     0.000 r  clk
                         net (fo=0)                   0.000     0.000    clk
    U7                   IBUF (Prop_ibuf_I_O)         0.286     0.286 r  clk_IBUF_inst/O
                         net (fo=1, routed)           0.663     0.949    clk_IBUF
    BUFGCTRL_X0Y0        BUFG (Prop_bufg_I_O)         0.026     0.975 r  clk_IBUF_BUFG_inst/O
                         net (fo=131, routed)         0.701     1.677    genblk1[0].mac_pipeline_inst/clk_IBUF_BUFG
    DSP48_X4Y18          DSP48E1                                      r  genblk1[0].mac_pipeline_inst/accumulation_stage_reg[9]/CLK
  -------------------------------------------------------------------    -------------------
    DSP48_X4Y18          DSP48E1 (Prop_dsp48e1_CLK_P[8])
                                                      0.126     1.803 r  genblk1[0].mac_pipeline_inst/accumulation_stage_reg[9]/P[8]
                         net (fo=1, routed)           0.292     2.095    genblk1[0].mac_pipeline_inst/accumulation_stage_reg_n_97_[9]
    SLICE_X102Y49        LUT3 (Prop_lut3_I0_O)        0.045     2.140 r  genblk1[0].mac_pipeline_inst/out_pixel_OBUF[8]_inst_i_1/O
                         net (fo=1, routed)           0.640     2.780    out_pixel_OBUF[8]
    V17                  OBUF (Prop_obuf_I_O)         0.909     3.690 r  out_pixel_OBUF[8]_inst/O
                         net (fo=0)                   0.000     3.690    out_pixel[8]
    V17                                                               r  out_pixel[8]
  -------------------------------------------------------------------    -------------------





--------------------------------------------------------------------------------------
Path Group:  (none)
From Clock:  
  To Clock:  sys_clk

Max Delay           233 Endpoints
Min Delay           233 Endpoints
--------------------------------------------------------------------------------------


Max Delay Paths
--------------------------------------------------------------------------------------
Slack:                    inf
  Source:                 rst
                            (input port)
  Destination:            controller_inst/FSM_sequential_current_state_reg[0]/PRE
                            (recovery check against rising-edge clock sys_clk  {rise@0.000ns fall@1.250ns period=2.500ns})
  Path Group:             (none)
  Path Type:              Recovery (Max at Slow Process Corner)
  Data Path Delay:        7.725ns  (logic 1.128ns (14.600%)  route 6.597ns (85.400%))
  Logic Levels:           2  (IBUF=1 LUT1=1)
  Clock Path Skew:        4.602ns (DCD - SCD + CPR)
    Destination Clock Delay (DCD):    4.602ns
    Source Clock Delay      (SCD):    0.000ns
    Clock Pessimism Removal (CPR):    0.000ns
  Clock Uncertainty:      0.025ns  ((TSJ^2 + TIJ^2)^1/2 + DJ) / 2 + PE
    Total System Jitter     (TSJ):    0.050ns
    Total Input Jitter      (TIJ):    0.000ns
    Discrete Jitter          (DJ):    0.000ns
    Phase Error              (PE):    0.000ns
  Timing Exception:       False Path

    Location             Delay type                Incr(ns)  Path(ns)    Netlist Resource(s)
  -------------------------------------------------------------------    -------------------
    U8                                                0.000     0.000 r  rst
                         net (fo=0)                   0.000     0.000    rst
    U8                   IBUF (Prop_ibuf_I_O)         1.004     1.004 r  rst_IBUF_inst/O
                         net (fo=1, routed)           4.690     5.694    controller_inst/rst_IBUF
    SLICE_X100Y27        LUT1 (Prop_lut1_I0_O)        0.124     5.818 f  controller_inst/FSM_sequential_current_state[1]_i_2/O
                         net (fo=14, routed)          1.907     7.725    controller_inst/FSM_sequential_current_state[1]_i_2_n_0
    SLICE_X103Y33        FDPE                                         f  controller_inst/FSM_sequential_current_state_reg[0]/PRE
  -------------------------------------------------------------------    -------------------

                         (clock sys_clk rise edge)    0.000     0.000 r  <hidden>
    U7                                                0.000     0.000 r  clk
                         net (fo=0)                   0.000     0.000    clk
    U7                   IBUF (Prop_ibuf_I_O)         0.924     0.924 r  clk_IBUF_inst/O
                         net (fo=1, routed)           1.972     2.896    clk_IBUF
    BUFGCTRL_X0Y0        BUFG (Prop_bufg_I_O)         0.091     2.987 r  clk_IBUF_BUFG_inst/O
                         net (fo=131, routed)         1.615     4.602    controller_inst/clk_IBUF_BUFG
    SLICE_X103Y33        FDPE                                         r  controller_inst/FSM_sequential_current_state_reg[0]/C

Slack:                    inf
  Source:                 rst
                            (input port)
  Destination:            controller_inst/compute_counter_reg[5]/CLR
                            (recovery check against rising-edge clock sys_clk  {rise@0.000ns fall@1.250ns period=2.500ns})
  Path Group:             (none)
  Path Type:              Recovery (Max at Slow Process Corner)
  Data Path Delay:        7.436ns  (logic 1.128ns (15.168%)  route 6.308ns (84.832%))
  Logic Levels:           2  (IBUF=1 LUT1=1)
  Clock Path Skew:        4.601ns (DCD - SCD + CPR)
    Destination Clock Delay (DCD):    4.601ns
    Source Clock Delay      (SCD):    0.000ns
    Clock Pessimism Removal (CPR):    0.000ns
  Clock Uncertainty:      0.025ns  ((TSJ^2 + TIJ^2)^1/2 + DJ) / 2 + PE
    Total System Jitter     (TSJ):    0.050ns
    Total Input Jitter      (TIJ):    0.000ns
    Discrete Jitter          (DJ):    0.000ns
    Phase Error              (PE):    0.000ns
  Timing Exception:       False Path

    Location             Delay type                Incr(ns)  Path(ns)    Netlist Resource(s)
  -------------------------------------------------------------------    -------------------
    U8                                                0.000     0.000 r  rst
                         net (fo=0)                   0.000     0.000    rst
    U8                   IBUF (Prop_ibuf_I_O)         1.004     1.004 r  rst_IBUF_inst/O
                         net (fo=1, routed)           4.690     5.694    controller_inst/rst_IBUF
    SLICE_X100Y27        LUT1 (Prop_lut1_I0_O)        0.124     5.818 f  controller_inst/FSM_sequential_current_state[1]_i_2/O
                         net (fo=14, routed)          1.618     7.436    controller_inst/FSM_sequential_current_state[1]_i_2_n_0
    SLICE_X101Y32        FDCE                                         f  controller_inst/compute_counter_reg[5]/CLR
  -------------------------------------------------------------------    -------------------

                         (clock sys_clk rise edge)    0.000     0.000 r  <hidden>
    U7                                                0.000     0.000 r  clk
                         net (fo=0)                   0.000     0.000    clk
    U7                   IBUF (Prop_ibuf_I_O)         0.924     0.924 r  clk_IBUF_inst/O
                         net (fo=1, routed)           1.972     2.896    clk_IBUF
    BUFGCTRL_X0Y0        BUFG (Prop_bufg_I_O)         0.091     2.987 r  clk_IBUF_BUFG_inst/O
                         net (fo=131, routed)         1.614     4.601    controller_inst/clk_IBUF_BUFG
    SLICE_X101Y32        FDCE                                         r  controller_inst/compute_counter_reg[5]/C

Slack:                    inf
  Source:                 rst
                            (input port)
  Destination:            controller_inst/compute_counter_reg[6]/CLR
                            (recovery check against rising-edge clock sys_clk  {rise@0.000ns fall@1.250ns period=2.500ns})
  Path Group:             (none)
  Path Type:              Recovery (Max at Slow Process Corner)
  Data Path Delay:        7.436ns  (logic 1.128ns (15.168%)  route 6.308ns (84.832%))
  Logic Levels:           2  (IBUF=1 LUT1=1)
  Clock Path Skew:        4.601ns (DCD - SCD + CPR)
    Destination Clock Delay (DCD):    4.601ns
    Source Clock Delay      (SCD):    0.000ns
    Clock Pessimism Removal (CPR):    0.000ns
  Clock Uncertainty:      0.025ns  ((TSJ^2 + TIJ^2)^1/2 + DJ) / 2 + PE
    Total System Jitter     (TSJ):    0.050ns
    Total Input Jitter      (TIJ):    0.000ns
    Discrete Jitter          (DJ):    0.000ns
    Phase Error              (PE):    0.000ns
  Timing Exception:       False Path

    Location             Delay type                Incr(ns)  Path(ns)    Netlist Resource(s)
  -------------------------------------------------------------------    -------------------
    U8                                                0.000     0.000 r  rst
                         net (fo=0)                   0.000     0.000    rst
    U8                   IBUF (Prop_ibuf_I_O)         1.004     1.004 r  rst_IBUF_inst/O
                         net (fo=1, routed)           4.690     5.694    controller_inst/rst_IBUF
    SLICE_X100Y27        LUT1 (Prop_lut1_I0_O)        0.124     5.818 f  controller_inst/FSM_sequential_current_state[1]_i_2/O
                         net (fo=14, routed)          1.618     7.436    controller_inst/FSM_sequential_current_state[1]_i_2_n_0
    SLICE_X101Y32        FDCE                                         f  controller_inst/compute_counter_reg[6]/CLR
  -------------------------------------------------------------------    -------------------

                         (clock sys_clk rise edge)    0.000     0.000 r  <hidden>
    U7                                                0.000     0.000 r  clk
                         net (fo=0)                   0.000     0.000    clk
    U7                   IBUF (Prop_ibuf_I_O)         0.924     0.924 r  clk_IBUF_inst/O
                         net (fo=1, routed)           1.972     2.896    clk_IBUF
    BUFGCTRL_X0Y0        BUFG (Prop_bufg_I_O)         0.091     2.987 r  clk_IBUF_BUFG_inst/O
                         net (fo=131, routed)         1.614     4.601    controller_inst/clk_IBUF_BUFG
    SLICE_X101Y32        FDCE                                         r  controller_inst/compute_counter_reg[6]/C

Slack:                    inf
  Source:                 rst
                            (input port)
  Destination:            controller_inst/flush_counter_reg[0]/CLR
                            (recovery check against rising-edge clock sys_clk  {rise@0.000ns fall@1.250ns period=2.500ns})
  Path Group:             (none)
  Path Type:              Recovery (Max at Slow Process Corner)
  Data Path Delay:        7.436ns  (logic 1.128ns (15.168%)  route 6.308ns (84.832%))
  Logic Levels:           2  (IBUF=1 LUT1=1)
  Clock Path Skew:        4.601ns (DCD - SCD + CPR)
    Destination Clock Delay (DCD):    4.601ns
    Source Clock Delay      (SCD):    0.000ns
    Clock Pessimism Removal (CPR):    0.000ns
  Clock Uncertainty:      0.025ns  ((TSJ^2 + TIJ^2)^1/2 + DJ) / 2 + PE
    Total System Jitter     (TSJ):    0.050ns
    Total Input Jitter      (TIJ):    0.000ns
    Discrete Jitter          (DJ):    0.000ns
    Phase Error              (PE):    0.000ns
  Timing Exception:       False Path

    Location             Delay type                Incr(ns)  Path(ns)    Netlist Resource(s)
  -------------------------------------------------------------------    -------------------
    U8                                                0.000     0.000 r  rst
                         net (fo=0)                   0.000     0.000    rst
    U8                   IBUF (Prop_ibuf_I_O)         1.004     1.004 r  rst_IBUF_inst/O
                         net (fo=1, routed)           4.690     5.694    controller_inst/rst_IBUF
    SLICE_X100Y27        LUT1 (Prop_lut1_I0_O)        0.124     5.818 f  controller_inst/FSM_sequential_current_state[1]_i_2/O
                         net (fo=14, routed)          1.618     7.436    controller_inst/FSM_sequential_current_state[1]_i_2_n_0
    SLICE_X100Y32        FDCE                                         f  controller_inst/flush_counter_reg[0]/CLR
  -------------------------------------------------------------------    -------------------

                         (clock sys_clk rise edge)    0.000     0.000 r  <hidden>
    U7                                                0.000     0.000 r  clk
                         net (fo=0)                   0.000     0.000    clk
    U7                   IBUF (Prop_ibuf_I_O)         0.924     0.924 r  clk_IBUF_inst/O
                         net (fo=1, routed)           1.972     2.896    clk_IBUF
    BUFGCTRL_X0Y0        BUFG (Prop_bufg_I_O)         0.091     2.987 r  clk_IBUF_BUFG_inst/O
                         net (fo=131, routed)         1.614     4.601    controller_inst/clk_IBUF_BUFG
    SLICE_X100Y32        FDCE                                         r  controller_inst/flush_counter_reg[0]/C

Slack:                    inf
  Source:                 rst
                            (input port)
  Destination:            controller_inst/flush_counter_reg[1]/CLR
                            (recovery check against rising-edge clock sys_clk  {rise@0.000ns fall@1.250ns period=2.500ns})
  Path Group:             (none)
  Path Type:              Recovery (Max at Slow Process Corner)
  Data Path Delay:        7.436ns  (logic 1.128ns (15.168%)  route 6.308ns (84.832%))
  Logic Levels:           2  (IBUF=1 LUT1=1)
  Clock Path Skew:        4.601ns (DCD - SCD + CPR)
    Destination Clock Delay (DCD):    4.601ns
    Source Clock Delay      (SCD):    0.000ns
    Clock Pessimism Removal (CPR):    0.000ns
  Clock Uncertainty:      0.025ns  ((TSJ^2 + TIJ^2)^1/2 + DJ) / 2 + PE
    Total System Jitter     (TSJ):    0.050ns
    Total Input Jitter      (TIJ):    0.000ns
    Discrete Jitter          (DJ):    0.000ns
    Phase Error              (PE):    0.000ns
  Timing Exception:       False Path

    Location             Delay type                Incr(ns)  Path(ns)    Netlist Resource(s)
  -------------------------------------------------------------------    -------------------
    U8                                                0.000     0.000 r  rst
                         net (fo=0)                   0.000     0.000    rst
    U8                   IBUF (Prop_ibuf_I_O)         1.004     1.004 r  rst_IBUF_inst/O
                         net (fo=1, routed)           4.690     5.694    controller_inst/rst_IBUF
    SLICE_X100Y27        LUT1 (Prop_lut1_I0_O)        0.124     5.818 f  controller_inst/FSM_sequential_current_state[1]_i_2/O
                         net (fo=14, routed)          1.618     7.436    controller_inst/FSM_sequential_current_state[1]_i_2_n_0
    SLICE_X100Y32        FDCE                                         f  controller_inst/flush_counter_reg[1]/CLR
  -------------------------------------------------------------------    -------------------

                         (clock sys_clk rise edge)    0.000     0.000 r  <hidden>
    U7                                                0.000     0.000 r  clk
                         net (fo=0)                   0.000     0.000    clk
    U7                   IBUF (Prop_ibuf_I_O)         0.924     0.924 r  clk_IBUF_inst/O
                         net (fo=1, routed)           1.972     2.896    clk_IBUF
    BUFGCTRL_X0Y0        BUFG (Prop_bufg_I_O)         0.091     2.987 r  clk_IBUF_BUFG_inst/O
                         net (fo=131, routed)         1.614     4.601    controller_inst/clk_IBUF_BUFG
    SLICE_X100Y32        FDCE                                         r  controller_inst/flush_counter_reg[1]/C

Slack:                    inf
  Source:                 in_pixel[7]
                            (input port)
  Destination:            genblk1[0].mac_pipeline_inst/accumulation_stage_reg[9]/B[12]
                            (rising edge-triggered cell DSP48E1 clocked by sys_clk  {rise@0.000ns fall@1.250ns period=2.500ns})
  Path Group:             (none)
  Path Type:              Setup (Max at Slow Process Corner)
  Data Path Delay:        7.384ns  (logic 1.000ns (13.548%)  route 6.384ns (86.452%))
  Logic Levels:           1  (IBUF=1)
  Clock Path Skew:        4.699ns (DCD - SCD + CPR)
    Destination Clock Delay (DCD):    4.699ns
    Source Clock Delay      (SCD):    0.000ns
    Clock Pessimism Removal (CPR):    0.000ns
  Clock Uncertainty:      0.025ns  ((TSJ^2 + TIJ^2)^1/2 + DJ) / 2 + PE
    Total System Jitter     (TSJ):    0.050ns
    Total Input Jitter      (TIJ):    0.000ns
    Discrete Jitter          (DJ):    0.000ns
    Phase Error              (PE):    0.000ns
  Timing Exception:       False Path

    Location             Delay type                Incr(ns)  Path(ns)    Netlist Resource(s)
  -------------------------------------------------------------------    -------------------
    T5                                                0.000     0.000 r  in_pixel[7]
                         net (fo=0)                   0.000     0.000    in_pixel[7]
    T5                   IBUF (Prop_ibuf_I_O)         1.000     1.000 r  in_pixel_IBUF[7]_inst/O
                         net (fo=24, routed)          6.384     7.384    genblk1[0].mac_pipeline_inst/B[7]
    DSP48_X4Y18          DSP48E1                                      r  genblk1[0].mac_pipeline_inst/accumulation_stage_reg[9]/B[12]
  -------------------------------------------------------------------    -------------------

                         (clock sys_clk rise edge)    0.000     0.000 r  <hidden>
    U7                                                0.000     0.000 r  clk
                         net (fo=0)                   0.000     0.000    clk
    U7                   IBUF (Prop_ibuf_I_O)         0.924     0.924 r  clk_IBUF_inst/O
                         net (fo=1, routed)           1.972     2.896    clk_IBUF
    BUFGCTRL_X0Y0        BUFG (Prop_bufg_I_O)         0.091     2.987 r  clk_IBUF_BUFG_inst/O
                         net (fo=131, routed)         1.712     4.699    genblk1[0].mac_pipeline_inst/clk_IBUF_BUFG
    DSP48_X4Y18          DSP48E1                                      r  genblk1[0].mac_pipeline_inst/accumulation_stage_reg[9]/CLK

Slack:                    inf
  Source:                 in_pixel[7]
                            (input port)
  Destination:            genblk1[0].mac_pipeline_inst/accumulation_stage_reg[9]/B[13]
                            (rising edge-triggered cell DSP48E1 clocked by sys_clk  {rise@0.000ns fall@1.250ns period=2.500ns})
  Path Group:             (none)
  Path Type:              Setup (Max at Slow Process Corner)
  Data Path Delay:        7.384ns  (logic 1.000ns (13.548%)  route 6.384ns (86.452%))
  Logic Levels:           1  (IBUF=1)
  Clock Path Skew:        4.699ns (DCD - SCD + CPR)
    Destination Clock Delay (DCD):    4.699ns
    Source Clock Delay      (SCD):    0.000ns
    Clock Pessimism Removal (CPR):    0.000ns
  Clock Uncertainty:      0.025ns  ((TSJ^2 + TIJ^2)^1/2 + DJ) / 2 + PE
    Total System Jitter     (TSJ):    0.050ns
    Total Input Jitter      (TIJ):    0.000ns
    Discrete Jitter          (DJ):    0.000ns
    Phase Error              (PE):    0.000ns
  Timing Exception:       False Path

    Location             Delay type                Incr(ns)  Path(ns)    Netlist Resource(s)
  -------------------------------------------------------------------    -------------------
    T5                                                0.000     0.000 r  in_pixel[7]
                         net (fo=0)                   0.000     0.000    in_pixel[7]
    T5                   IBUF (Prop_ibuf_I_O)         1.000     1.000 r  in_pixel_IBUF[7]_inst/O
                         net (fo=24, routed)          6.384     7.384    genblk1[0].mac_pipeline_inst/B[7]
    DSP48_X4Y18          DSP48E1                                      r  genblk1[0].mac_pipeline_inst/accumulation_stage_reg[9]/B[13]
  -------------------------------------------------------------------    -------------------

                         (clock sys_clk rise edge)    0.000     0.000 r  <hidden>
    U7                                                0.000     0.000 r  clk
                         net (fo=0)                   0.000     0.000    clk
    U7                   IBUF (Prop_ibuf_I_O)         0.924     0.924 r  clk_IBUF_inst/O
                         net (fo=1, routed)           1.972     2.896    clk_IBUF
    BUFGCTRL_X0Y0        BUFG (Prop_bufg_I_O)         0.091     2.987 r  clk_IBUF_BUFG_inst/O
                         net (fo=131, routed)         1.712     4.699    genblk1[0].mac_pipeline_inst/clk_IBUF_BUFG
    DSP48_X4Y18          DSP48E1                                      r  genblk1[0].mac_pipeline_inst/accumulation_stage_reg[9]/CLK

Slack:                    inf
  Source:                 cnn_en
                            (input port)
  Destination:            genblk1[0].mac_pipeline_inst/accumulation_stage_reg[9]/CEP
                            (rising edge-triggered cell DSP48E1 clocked by sys_clk  {rise@0.000ns fall@1.250ns period=2.500ns})
  Path Group:             (none)
  Path Type:              Setup (Max at Slow Process Corner)
  Data Path Delay:        7.342ns  (logic 1.018ns (13.869%)  route 6.324ns (86.131%))
  Logic Levels:           1  (IBUF=1)
  Clock Path Skew:        4.699ns (DCD - SCD + CPR)
    Destination Clock Delay (DCD):    4.699ns
    Source Clock Delay      (SCD):    0.000ns
    Clock Pessimism Removal (CPR):    0.000ns
  Clock Uncertainty:      0.025ns  ((TSJ^2 + TIJ^2)^1/2 + DJ) / 2 + PE
    Total System Jitter     (TSJ):    0.050ns
    Total Input Jitter      (TIJ):    0.000ns
    Discrete Jitter          (DJ):    0.000ns
    Phase Error              (PE):    0.000ns
  Timing Exception:       False Path

    Location             Delay type                Incr(ns)  Path(ns)    Netlist Resource(s)
  -------------------------------------------------------------------    -------------------
    Y11                                               0.000     0.000 r  cnn_en
                         net (fo=0)                   0.000     0.000    cnn_en
    Y11                  IBUF (Prop_ibuf_I_O)         1.018     1.018 r  cnn_en_IBUF_inst/O
                         net (fo=86, routed)          6.324     7.342    genblk1[0].mac_pipeline_inst/cnn_en_IBUF
    DSP48_X4Y18          DSP48E1                                      r  genblk1[0].mac_pipeline_inst/accumulation_stage_reg[9]/CEP
  -------------------------------------------------------------------    -------------------

                         (clock sys_clk rise edge)    0.000     0.000 r  <hidden>
    U7                                                0.000     0.000 r  clk
                         net (fo=0)                   0.000     0.000    clk
    U7                   IBUF (Prop_ibuf_I_O)         0.924     0.924 r  clk_IBUF_inst/O
                         net (fo=1, routed)           1.972     2.896    clk_IBUF
    BUFGCTRL_X0Y0        BUFG (Prop_bufg_I_O)         0.091     2.987 r  clk_IBUF_BUFG_inst/O
                         net (fo=131, routed)         1.712     4.699    genblk1[0].mac_pipeline_inst/clk_IBUF_BUFG
    DSP48_X4Y18          DSP48E1                                      r  genblk1[0].mac_pipeline_inst/accumulation_stage_reg[9]/CLK

Slack:                    inf
  Source:                 kernel_rd_en
                            (input port)
  Destination:            genblk1[0].mac_pipeline_inst/accumulation_stage_reg[8]/CEB1
                            (rising edge-triggered cell DSP48E1 clocked by sys_clk  {rise@0.000ns fall@1.250ns period=2.500ns})
  Path Group:             (none)
  Path Type:              Setup (Max at Slow Process Corner)
  Data Path Delay:        7.265ns  (logic 1.139ns (15.676%)  route 6.126ns (84.324%))
  Logic Levels:           2  (IBUF=1 LUT5=1)
  Clock Path Skew:        4.699ns (DCD - SCD + CPR)
    Destination Clock Delay (DCD):    4.699ns
    Source Clock Delay      (SCD):    0.000ns
    Clock Pessimism Removal (CPR):    0.000ns
  Clock Uncertainty:      0.025ns  ((TSJ^2 + TIJ^2)^1/2 + DJ) / 2 + PE
    Total System Jitter     (TSJ):    0.050ns
    Total Input Jitter      (TIJ):    0.000ns
    Discrete Jitter          (DJ):    0.000ns
    Phase Error              (PE):    0.000ns
  Timing Exception:       False Path

    Location             Delay type                Incr(ns)  Path(ns)    Netlist Resource(s)
  -------------------------------------------------------------------    -------------------
    W11                                               0.000     0.000 r  kernel_rd_en
                         net (fo=0)                   0.000     0.000    kernel_rd_en
    W11                  IBUF (Prop_ibuf_I_O)         1.015     1.015 r  kernel_rd_en_IBUF_inst/O
                         net (fo=3, routed)           5.288     6.303    kernel_memory_inst/kernel_rd_en_IBUF
    SLICE_X103Y33        LUT5 (Prop_lut5_I2_O)        0.124     6.427 r  kernel_memory_inst/kernel_coefficients[8][7]_i_1/O
                         net (fo=77, routed)          0.838     7.265    genblk1[0].mac_pipeline_inst/accumulation_stage_reg[8]_0
    DSP48_X4Y17          DSP48E1                                      r  genblk1[0].mac_pipeline_inst/accumulation_stage_reg[8]/CEB1
  -------------------------------------------------------------------    -------------------

                         (clock sys_clk rise edge)    0.000     0.000 r  <hidden>
    U7                                                0.000     0.000 r  clk
                         net (fo=0)                   0.000     0.000    clk
    U7                   IBUF (Prop_ibuf_I_O)         0.924     0.924 r  clk_IBUF_inst/O
                         net (fo=1, routed)           1.972     2.896    clk_IBUF
    BUFGCTRL_X0Y0        BUFG (Prop_bufg_I_O)         0.091     2.987 r  clk_IBUF_BUFG_inst/O
                         net (fo=131, routed)         1.712     4.699    genblk1[0].mac_pipeline_inst/clk_IBUF_BUFG
    DSP48_X4Y17          DSP48E1                                      r  genblk1[0].mac_pipeline_inst/accumulation_stage_reg[8]/CLK

Slack:                    inf
  Source:                 kernel_rd_en
                            (input port)
  Destination:            genblk1[0].mac_pipeline_inst/accumulation_stage_reg[8]/CEB2
                            (rising edge-triggered cell DSP48E1 clocked by sys_clk  {rise@0.000ns fall@1.250ns period=2.500ns})
  Path Group:             (none)
  Path Type:              Setup (Max at Slow Process Corner)
  Data Path Delay:        7.265ns  (logic 1.139ns (15.676%)  route 6.126ns (84.324%))
  Logic Levels:           2  (IBUF=1 LUT5=1)
  Clock Path Skew:        4.699ns (DCD - SCD + CPR)
    Destination Clock Delay (DCD):    4.699ns
    Source Clock Delay      (SCD):    0.000ns
    Clock Pessimism Removal (CPR):    0.000ns
  Clock Uncertainty:      0.025ns  ((TSJ^2 + TIJ^2)^1/2 + DJ) / 2 + PE
    Total System Jitter     (TSJ):    0.050ns
    Total Input Jitter      (TIJ):    0.000ns
    Discrete Jitter          (DJ):    0.000ns
    Phase Error              (PE):    0.000ns
  Timing Exception:       False Path

    Location             Delay type                Incr(ns)  Path(ns)    Netlist Resource(s)
  -------------------------------------------------------------------    -------------------
    W11                                               0.000     0.000 r  kernel_rd_en
                         net (fo=0)                   0.000     0.000    kernel_rd_en
    W11                  IBUF (Prop_ibuf_I_O)         1.015     1.015 r  kernel_rd_en_IBUF_inst/O
                         net (fo=3, routed)           5.288     6.303    kernel_memory_inst/kernel_rd_en_IBUF
    SLICE_X103Y33        LUT5 (Prop_lut5_I2_O)        0.124     6.427 r  kernel_memory_inst/kernel_coefficients[8][7]_i_1/O
                         net (fo=77, routed)          0.838     7.265    genblk1[0].mac_pipeline_inst/accumulation_stage_reg[8]_0
    DSP48_X4Y17          DSP48E1                                      r  genblk1[0].mac_pipeline_inst/accumulation_stage_reg[8]/CEB2
  -------------------------------------------------------------------    -------------------

                         (clock sys_clk rise edge)    0.000     0.000 r  <hidden>
    U7                                                0.000     0.000 r  clk
                         net (fo=0)                   0.000     0.000    clk
    U7                   IBUF (Prop_ibuf_I_O)         0.924     0.924 r  clk_IBUF_inst/O
                         net (fo=1, routed)           1.972     2.896    clk_IBUF
    BUFGCTRL_X0Y0        BUFG (Prop_bufg_I_O)         0.091     2.987 r  clk_IBUF_BUFG_inst/O
                         net (fo=131, routed)         1.712     4.699    genblk1[0].mac_pipeline_inst/clk_IBUF_BUFG
    DSP48_X4Y17          DSP48E1                                      r  genblk1[0].mac_pipeline_inst/accumulation_stage_reg[8]/CLK





Min Delay Paths
--------------------------------------------------------------------------------------
Slack:                    inf
  Source:                 in_pixel[1]
                            (input port)
  Destination:            kernel_memory_inst/kernel_coefficients_reg[8][1]/D
                            (rising edge-triggered cell FDRE clocked by sys_clk  {rise@0.000ns fall@1.250ns period=2.500ns})
  Path Group:             (none)
  Path Type:              Hold (Min at Fast Process Corner)
  Data Path Delay:        2.409ns  (logic 0.179ns (7.450%)  route 2.230ns (92.550%))
  Logic Levels:           1  (IBUF=1)
  Clock Path Skew:        2.097ns (DCD - SCD - CPR)
    Destination Clock Delay (DCD):    2.097ns
    Source Clock Delay      (SCD):    0.000ns
    Clock Pessimism Removal (CPR):    -0.000ns
  Timing Exception:       False Path

    Location             Delay type                Incr(ns)  Path(ns)    Netlist Resource(s)
  -------------------------------------------------------------------    -------------------
    V6                                                0.000     0.000 r  in_pixel[1]
                         net (fo=0)                   0.000     0.000    in_pixel[1]
    V6                   IBUF (Prop_ibuf_I_O)         0.179     0.179 r  in_pixel_IBUF[1]_inst/O
                         net (fo=4, routed)           2.230     2.409    kernel_memory_inst/D[1]
    SLICE_X102Y31        FDRE                                         r  kernel_memory_inst/kernel_coefficients_reg[8][1]/D
  -------------------------------------------------------------------    -------------------

                         (clock sys_clk rise edge)    0.000     0.000 r  <hidden>
    U7                                                0.000     0.000 r  clk
                         net (fo=0)                   0.000     0.000    clk
    U7                   IBUF (Prop_ibuf_I_O)         0.476     0.476 r  clk_IBUF_inst/O
                         net (fo=1, routed)           0.719     1.195    clk_IBUF
    BUFGCTRL_X0Y0        BUFG (Prop_bufg_I_O)         0.029     1.224 r  clk_IBUF_BUFG_inst/O
                         net (fo=131, routed)         0.873     2.097    kernel_memory_inst/clk_IBUF_BUFG
    SLICE_X102Y31        FDRE                                         r  kernel_memory_inst/kernel_coefficients_reg[8][1]/C

Slack:                    inf
  Source:                 cnn_en
                            (input port)
  Destination:            genblk1[0].mac_pipeline_inst/accumulation_stage_reg[1]/CEA1
                            (rising edge-triggered cell DSP48E1 clocked by sys_clk  {rise@0.000ns fall@1.250ns period=2.500ns})
  Path Group:             (none)
  Path Type:              Hold (Min at Fast Process Corner)
  Data Path Delay:        2.410ns  (logic 0.247ns (10.235%)  route 2.163ns (89.765%))
  Logic Levels:           1  (IBUF=1)
  Clock Path Skew:        2.181ns (DCD - SCD - CPR)
    Destination Clock Delay (DCD):    2.181ns
    Source Clock Delay      (SCD):    0.000ns
    Clock Pessimism Removal (CPR):    -0.000ns
  Timing Exception:       False Path

    Location             Delay type                Incr(ns)  Path(ns)    Netlist Resource(s)
  -------------------------------------------------------------------    -------------------
    Y11                                               0.000     0.000 r  cnn_en
                         net (fo=0)                   0.000     0.000    cnn_en
    Y11                  IBUF (Prop_ibuf_I_O)         0.247     0.247 r  cnn_en_IBUF_inst/O
                         net (fo=86, routed)          2.163     2.410    genblk1[0].mac_pipeline_inst/cnn_en_IBUF
    DSP48_X4Y10          DSP48E1                                      r  genblk1[0].mac_pipeline_inst/accumulation_stage_reg[1]/CEA1
  -------------------------------------------------------------------    -------------------

                         (clock sys_clk rise edge)    0.000     0.000 r  <hidden>
    U7                                                0.000     0.000 r  clk
                         net (fo=0)                   0.000     0.000    clk
    U7                   IBUF (Prop_ibuf_I_O)         0.476     0.476 r  clk_IBUF_inst/O
                         net (fo=1, routed)           0.719     1.195    clk_IBUF
    BUFGCTRL_X0Y0        BUFG (Prop_bufg_I_O)         0.029     1.224 r  clk_IBUF_BUFG_inst/O
                         net (fo=131, routed)         0.957     2.181    genblk1[0].mac_pipeline_inst/clk_IBUF_BUFG
    DSP48_X4Y10          DSP48E1                                      r  genblk1[0].mac_pipeline_inst/accumulation_stage_reg[1]/CLK

Slack:                    inf
  Source:                 cnn_en
                            (input port)
  Destination:            genblk1[0].mac_pipeline_inst/accumulation_stage_reg[1]/CEA2
                            (rising edge-triggered cell DSP48E1 clocked by sys_clk  {rise@0.000ns fall@1.250ns period=2.500ns})
  Path Group:             (none)
  Path Type:              Hold (Min at Fast Process Corner)
  Data Path Delay:        2.410ns  (logic 0.247ns (10.235%)  route 2.163ns (89.765%))
  Logic Levels:           1  (IBUF=1)
  Clock Path Skew:        2.181ns (DCD - SCD - CPR)
    Destination Clock Delay (DCD):    2.181ns
    Source Clock Delay      (SCD):    0.000ns
    Clock Pessimism Removal (CPR):    -0.000ns
  Timing Exception:       False Path

    Location             Delay type                Incr(ns)  Path(ns)    Netlist Resource(s)
  -------------------------------------------------------------------    -------------------
    Y11                                               0.000     0.000 r  cnn_en
                         net (fo=0)                   0.000     0.000    cnn_en
    Y11                  IBUF (Prop_ibuf_I_O)         0.247     0.247 r  cnn_en_IBUF_inst/O
                         net (fo=86, routed)          2.163     2.410    genblk1[0].mac_pipeline_inst/cnn_en_IBUF
    DSP48_X4Y10          DSP48E1                                      r  genblk1[0].mac_pipeline_inst/accumulation_stage_reg[1]/CEA2
  -------------------------------------------------------------------    -------------------

                         (clock sys_clk rise edge)    0.000     0.000 r  <hidden>
    U7                                                0.000     0.000 r  clk
                         net (fo=0)                   0.000     0.000    clk
    U7                   IBUF (Prop_ibuf_I_O)         0.476     0.476 r  clk_IBUF_inst/O
                         net (fo=1, routed)           0.719     1.195    clk_IBUF
    BUFGCTRL_X0Y0        BUFG (Prop_bufg_I_O)         0.029     1.224 r  clk_IBUF_BUFG_inst/O
                         net (fo=131, routed)         0.957     2.181    genblk1[0].mac_pipeline_inst/clk_IBUF_BUFG
    DSP48_X4Y10          DSP48E1                                      r  genblk1[0].mac_pipeline_inst/accumulation_stage_reg[1]/CLK

Slack:                    inf
  Source:                 cnn_en
                            (input port)
  Destination:            genblk1[0].mac_pipeline_inst/accumulation_stage_reg[3]/CEA1
                            (rising edge-triggered cell DSP48E1 clocked by sys_clk  {rise@0.000ns fall@1.250ns period=2.500ns})
  Path Group:             (none)
  Path Type:              Hold (Min at Fast Process Corner)
  Data Path Delay:        2.437ns  (logic 0.247ns (10.119%)  route 2.191ns (89.881%))
  Logic Levels:           1  (IBUF=1)
  Clock Path Skew:        2.187ns (DCD - SCD - CPR)
    Destination Clock Delay (DCD):    2.187ns
    Source Clock Delay      (SCD):    0.000ns
    Clock Pessimism Removal (CPR):    -0.000ns
  Timing Exception:       False Path

    Location             Delay type                Incr(ns)  Path(ns)    Netlist Resource(s)
  -------------------------------------------------------------------    -------------------
    Y11                                               0.000     0.000 r  cnn_en
                         net (fo=0)                   0.000     0.000    cnn_en
    Y11                  IBUF (Prop_ibuf_I_O)         0.247     0.247 r  cnn_en_IBUF_inst/O
                         net (fo=86, routed)          2.191     2.437    genblk1[0].mac_pipeline_inst/cnn_en_IBUF
    DSP48_X4Y12          DSP48E1                                      r  genblk1[0].mac_pipeline_inst/accumulation_stage_reg[3]/CEA1
  -------------------------------------------------------------------    -------------------

                         (clock sys_clk rise edge)    0.000     0.000 r  <hidden>
    U7                                                0.000     0.000 r  clk
                         net (fo=0)                   0.000     0.000    clk
    U7                   IBUF (Prop_ibuf_I_O)         0.476     0.476 r  clk_IBUF_inst/O
                         net (fo=1, routed)           0.719     1.195    clk_IBUF
    BUFGCTRL_X0Y0        BUFG (Prop_bufg_I_O)         0.029     1.224 r  clk_IBUF_BUFG_inst/O
                         net (fo=131, routed)         0.963     2.187    genblk1[0].mac_pipeline_inst/clk_IBUF_BUFG
    DSP48_X4Y12          DSP48E1                                      r  genblk1[0].mac_pipeline_inst/accumulation_stage_reg[3]/CLK

Slack:                    inf
  Source:                 cnn_en
                            (input port)
  Destination:            genblk1[0].mac_pipeline_inst/accumulation_stage_reg[3]/CEA2
                            (rising edge-triggered cell DSP48E1 clocked by sys_clk  {rise@0.000ns fall@1.250ns period=2.500ns})
  Path Group:             (none)
  Path Type:              Hold (Min at Fast Process Corner)
  Data Path Delay:        2.437ns  (logic 0.247ns (10.119%)  route 2.191ns (89.881%))
  Logic Levels:           1  (IBUF=1)
  Clock Path Skew:        2.187ns (DCD - SCD - CPR)
    Destination Clock Delay (DCD):    2.187ns
    Source Clock Delay      (SCD):    0.000ns
    Clock Pessimism Removal (CPR):    -0.000ns
  Timing Exception:       False Path

    Location             Delay type                Incr(ns)  Path(ns)    Netlist Resource(s)
  -------------------------------------------------------------------    -------------------
    Y11                                               0.000     0.000 r  cnn_en
                         net (fo=0)                   0.000     0.000    cnn_en
    Y11                  IBUF (Prop_ibuf_I_O)         0.247     0.247 r  cnn_en_IBUF_inst/O
                         net (fo=86, routed)          2.191     2.437    genblk1[0].mac_pipeline_inst/cnn_en_IBUF
    DSP48_X4Y12          DSP48E1                                      r  genblk1[0].mac_pipeline_inst/accumulation_stage_reg[3]/CEA2
  -------------------------------------------------------------------    -------------------

                         (clock sys_clk rise edge)    0.000     0.000 r  <hidden>
    U7                                                0.000     0.000 r  clk
                         net (fo=0)                   0.000     0.000    clk
    U7                   IBUF (Prop_ibuf_I_O)         0.476     0.476 r  clk_IBUF_inst/O
                         net (fo=1, routed)           0.719     1.195    clk_IBUF
    BUFGCTRL_X0Y0        BUFG (Prop_bufg_I_O)         0.029     1.224 r  clk_IBUF_BUFG_inst/O
                         net (fo=131, routed)         0.963     2.187    genblk1[0].mac_pipeline_inst/clk_IBUF_BUFG
    DSP48_X4Y12          DSP48E1                                      r  genblk1[0].mac_pipeline_inst/accumulation_stage_reg[3]/CLK

Slack:                    inf
  Source:                 in_pixel[4]
                            (input port)
  Destination:            kernel_memory_inst/kernel_coefficients_reg[8][4]/D
                            (rising edge-triggered cell FDRE clocked by sys_clk  {rise@0.000ns fall@1.250ns period=2.500ns})
  Path Group:             (none)
  Path Type:              Hold (Min at Fast Process Corner)
  Data Path Delay:        2.447ns  (logic 0.262ns (10.692%)  route 2.185ns (89.308%))
  Logic Levels:           1  (IBUF=1)
  Clock Path Skew:        2.097ns (DCD - SCD - CPR)
    Destination Clock Delay (DCD):    2.097ns
    Source Clock Delay      (SCD):    0.000ns
    Clock Pessimism Removal (CPR):    -0.000ns
  Timing Exception:       False Path

    Location             Delay type                Incr(ns)  Path(ns)    Netlist Resource(s)
  -------------------------------------------------------------------    -------------------
    Y13                                               0.000     0.000 r  in_pixel[4]
                         net (fo=0)                   0.000     0.000    in_pixel[4]
    Y13                  IBUF (Prop_ibuf_I_O)         0.262     0.262 r  in_pixel_IBUF[4]_inst/O
                         net (fo=4, routed)           2.185     2.447    kernel_memory_inst/D[4]
    SLICE_X102Y31        FDRE                                         r  kernel_memory_inst/kernel_coefficients_reg[8][4]/D
  -------------------------------------------------------------------    -------------------

                         (clock sys_clk rise edge)    0.000     0.000 r  <hidden>
    U7                                                0.000     0.000 r  clk
                         net (fo=0)                   0.000     0.000    clk
    U7                   IBUF (Prop_ibuf_I_O)         0.476     0.476 r  clk_IBUF_inst/O
                         net (fo=1, routed)           0.719     1.195    clk_IBUF
    BUFGCTRL_X0Y0        BUFG (Prop_bufg_I_O)         0.029     1.224 r  clk_IBUF_BUFG_inst/O
                         net (fo=131, routed)         0.873     2.097    kernel_memory_inst/clk_IBUF_BUFG
    SLICE_X102Y31        FDRE                                         r  kernel_memory_inst/kernel_coefficients_reg[8][4]/C

Slack:                    inf
  Source:                 in_pixel[2]
                            (input port)
  Destination:            kernel_memory_inst/kernel_coefficients_reg[8][2]/D
                            (rising edge-triggered cell FDRE clocked by sys_clk  {rise@0.000ns fall@1.250ns period=2.500ns})
  Path Group:             (none)
  Path Type:              Hold (Min at Fast Process Corner)
  Data Path Delay:        2.447ns  (logic 0.218ns (8.922%)  route 2.229ns (91.078%))
  Logic Levels:           1  (IBUF=1)
  Clock Path Skew:        2.097ns (DCD - SCD - CPR)
    Destination Clock Delay (DCD):    2.097ns
    Source Clock Delay      (SCD):    0.000ns
    Clock Pessimism Removal (CPR):    -0.000ns
  Timing Exception:       False Path

    Location             Delay type                Incr(ns)  Path(ns)    Netlist Resource(s)
  -------------------------------------------------------------------    -------------------
    V10                                               0.000     0.000 r  in_pixel[2]
                         net (fo=0)                   0.000     0.000    in_pixel[2]
    V10                  IBUF (Prop_ibuf_I_O)         0.218     0.218 r  in_pixel_IBUF[2]_inst/O
                         net (fo=4, routed)           2.229     2.447    kernel_memory_inst/D[2]
    SLICE_X102Y31        FDRE                                         r  kernel_memory_inst/kernel_coefficients_reg[8][2]/D
  -------------------------------------------------------------------    -------------------

                         (clock sys_clk rise edge)    0.000     0.000 r  <hidden>
    U7                                                0.000     0.000 r  clk
                         net (fo=0)                   0.000     0.000    clk
    U7                   IBUF (Prop_ibuf_I_O)         0.476     0.476 r  clk_IBUF_inst/O
                         net (fo=1, routed)           0.719     1.195    clk_IBUF
    BUFGCTRL_X0Y0        BUFG (Prop_bufg_I_O)         0.029     1.224 r  clk_IBUF_BUFG_inst/O
                         net (fo=131, routed)         0.873     2.097    kernel_memory_inst/clk_IBUF_BUFG
    SLICE_X102Y31        FDRE                                         r  kernel_memory_inst/kernel_coefficients_reg[8][2]/C

Slack:                    inf
  Source:                 in_pixel[3]
                            (input port)
  Destination:            kernel_memory_inst/kernel_coefficients_reg[8][3]/D
                            (rising edge-triggered cell FDRE clocked by sys_clk  {rise@0.000ns fall@1.250ns period=2.500ns})
  Path Group:             (none)
  Path Type:              Hold (Min at Fast Process Corner)
  Data Path Delay:        2.467ns  (logic 0.220ns (8.930%)  route 2.246ns (91.070%))
  Logic Levels:           1  (IBUF=1)
  Clock Path Skew:        2.097ns (DCD - SCD - CPR)
    Destination Clock Delay (DCD):    2.097ns
    Source Clock Delay      (SCD):    0.000ns
    Clock Pessimism Removal (CPR):    -0.000ns
  Timing Exception:       False Path

    Location             Delay type                Incr(ns)  Path(ns)    Netlist Resource(s)
  -------------------------------------------------------------------    -------------------
    V11                                               0.000     0.000 r  in_pixel[3]
                         net (fo=0)                   0.000     0.000    in_pixel[3]
    V11                  IBUF (Prop_ibuf_I_O)         0.220     0.220 r  in_pixel_IBUF[3]_inst/O
                         net (fo=4, routed)           2.246     2.467    kernel_memory_inst/D[3]
    SLICE_X102Y31        FDRE                                         r  kernel_memory_inst/kernel_coefficients_reg[8][3]/D
  -------------------------------------------------------------------    -------------------

                         (clock sys_clk rise edge)    0.000     0.000 r  <hidden>
    U7                                                0.000     0.000 r  clk
                         net (fo=0)                   0.000     0.000    clk
    U7                   IBUF (Prop_ibuf_I_O)         0.476     0.476 r  clk_IBUF_inst/O
                         net (fo=1, routed)           0.719     1.195    clk_IBUF
    BUFGCTRL_X0Y0        BUFG (Prop_bufg_I_O)         0.029     1.224 r  clk_IBUF_BUFG_inst/O
                         net (fo=131, routed)         0.873     2.097    kernel_memory_inst/clk_IBUF_BUFG
    SLICE_X102Y31        FDRE                                         r  kernel_memory_inst/kernel_coefficients_reg[8][3]/C

Slack:                    inf
  Source:                 in_pixel[7]
                            (input port)
  Destination:            kernel_memory_inst/kernel_coefficients_reg[8][7]/D
                            (rising edge-triggered cell FDRE clocked by sys_clk  {rise@0.000ns fall@1.250ns period=2.500ns})
  Path Group:             (none)
  Path Type:              Hold (Min at Fast Process Corner)
  Data Path Delay:        2.472ns  (logic 0.229ns (9.262%)  route 2.243ns (90.738%))
  Logic Levels:           1  (IBUF=1)
  Clock Path Skew:        2.100ns (DCD - SCD - CPR)
    Destination Clock Delay (DCD):    2.100ns
    Source Clock Delay      (SCD):    0.000ns
    Clock Pessimism Removal (CPR):    -0.000ns
  Timing Exception:       False Path

    Location             Delay type                Incr(ns)  Path(ns)    Netlist Resource(s)
  -------------------------------------------------------------------    -------------------
    T5                                                0.000     0.000 r  in_pixel[7]
                         net (fo=0)                   0.000     0.000    in_pixel[7]
    T5                   IBUF (Prop_ibuf_I_O)         0.229     0.229 r  in_pixel_IBUF[7]_inst/O
                         net (fo=24, routed)          2.243     2.472    kernel_memory_inst/D[7]
    SLICE_X103Y34        FDRE                                         r  kernel_memory_inst/kernel_coefficients_reg[8][7]/D
  -------------------------------------------------------------------    -------------------

                         (clock sys_clk rise edge)    0.000     0.000 r  <hidden>
    U7                                                0.000     0.000 r  clk
                         net (fo=0)                   0.000     0.000    clk
    U7                   IBUF (Prop_ibuf_I_O)         0.476     0.476 r  clk_IBUF_inst/O
                         net (fo=1, routed)           0.719     1.195    clk_IBUF
    BUFGCTRL_X0Y0        BUFG (Prop_bufg_I_O)         0.029     1.224 r  clk_IBUF_BUFG_inst/O
                         net (fo=131, routed)         0.876     2.100    kernel_memory_inst/clk_IBUF_BUFG
    SLICE_X103Y34        FDRE                                         r  kernel_memory_inst/kernel_coefficients_reg[8][7]/C

Slack:                    inf
  Source:                 cnn_en
                            (input port)
  Destination:            genblk1[0].mac_pipeline_inst/accumulation_stage_reg[1]/CEM
                            (rising edge-triggered cell DSP48E1 clocked by sys_clk  {rise@0.000ns fall@1.250ns period=2.500ns})
  Path Group:             (none)
  Path Type:              Hold (Min at Fast Process Corner)
  Data Path Delay:        2.483ns  (logic 0.247ns (9.931%)  route 2.237ns (90.069%))
  Logic Levels:           1  (IBUF=1)
  Clock Path Skew:        2.181ns (DCD - SCD - CPR)
    Destination Clock Delay (DCD):    2.181ns
    Source Clock Delay      (SCD):    0.000ns
    Clock Pessimism Removal (CPR):    -0.000ns
  Timing Exception:       False Path

    Location             Delay type                Incr(ns)  Path(ns)    Netlist Resource(s)
  -------------------------------------------------------------------    -------------------
    Y11                                               0.000     0.000 r  cnn_en
                         net (fo=0)                   0.000     0.000    cnn_en
    Y11                  IBUF (Prop_ibuf_I_O)         0.247     0.247 r  cnn_en_IBUF_inst/O
                         net (fo=86, routed)          2.237     2.483    genblk1[0].mac_pipeline_inst/cnn_en_IBUF
    DSP48_X4Y10          DSP48E1                                      r  genblk1[0].mac_pipeline_inst/accumulation_stage_reg[1]/CEM
  -------------------------------------------------------------------    -------------------

                         (clock sys_clk rise edge)    0.000     0.000 r  <hidden>
    U7                                                0.000     0.000 r  clk
                         net (fo=0)                   0.000     0.000    clk
    U7                   IBUF (Prop_ibuf_I_O)         0.476     0.476 r  clk_IBUF_inst/O
                         net (fo=1, routed)           0.719     1.195    clk_IBUF
    BUFGCTRL_X0Y0        BUFG (Prop_bufg_I_O)         0.029     1.224 r  clk_IBUF_BUFG_inst/O
                         net (fo=131, routed)         0.957     2.181    genblk1[0].mac_pipeline_inst/clk_IBUF_BUFG
    DSP48_X4Y10          DSP48E1                                      r  genblk1[0].mac_pipeline_inst/accumulation_stage_reg[1]/CLK





